Year,popSizeP1,PiP1,FitnessP1,meanHetP1,BP1,FROHP1,avgvStrDelP1,avgStrDelP1,avgModDelP1,avgWkDelP1,avgNeutP1,KCrater,Seed
54000,4931,2.34517e-05,0.991884,2.55086e-05,0.33048,0.295848,0.6,5.3,7.1,56.6,190.6,100,3106611913
54002,4976,2.27276e-05,0.991867,2.54743e-05,0.166041,0.297212,0.0,5.5,7.4,59.1,191.9,100,3106611913
54004,4971,2.355e-05,0.991836,2.54743e-05,0.333387,0.273478,0.6,4.7,8.9,59.0,186.3,100,3106611913
54006,5017,2.32781e-05,0.99176,2.48914e-05,0.322413,0.30328,0.6,5.7,8.2,55.7,187.6,100,3106611913
54008,4974,2.27047e-05,0.991636,2.45486e-05,0.123645,0.300386,0.0,4.2,8.0,59.5,183.7,100,3106611913
54010,5000,2.22776e-05,0.991817,2.57943e-05,0.293677,0.286592,0.5,5.1,8.5,58.4,187.0,100,3106611913
54012,4927,2.28281e-05,0.991856,2.57371e-05,0.158545,0.282109,0.2,4.5,9.0,59.3,192.5,100,3106611913
54014,4937,2.29583e-05,0.991813,2.56e-05,0.235074,0.275797,0.5,6.1,7.5,57.9,189.0,100,3106611913
54016,4998,2.30543e-05,0.991762,2.48343e-05,0.266438,0.322015,0.4,4.3,8.1,57.8,187.5,100,3106611913
54018,4989,2.30131e-05,0.991764,2.488e-05,0.248421,0.280839,0.5,5.4,9.4,59.7,187.4,100,3106611913
54020,4989,2.23347e-05,0.99176,2.49829e-05,0.241425,0.317927,0.7,5.2,6.5,57.7,186.2,100,3106611913
54022,5021,2.2924e-05,0.991776,2.46857e-05,0.396332,0.317746,0.5,5.7,6.2,56.5,190.9,100,3106611913
54024,4920,2.26316e-05,0.991874,2.46629e-05,0.31569,0.321803,0.5,5.8,7.5,60.9,183.4,100,3106611913
54026,4943,2.3004e-05,0.991948,2.45829e-05,0.217195,0.301941,0.0,6.6,8.0,57.1,186.7,100,3106611913
54028,5005,2.24169e-05,0.99179,2.52343e-05,0.29407,0.323853,0.4,5.8,8.0,61.5,184.7,100,3106611913
54030,4927,2.2835e-05,0.991879,2.53486e-05,0.367834,0.295173,0.6,4.2,7.7,61.1,184.9,100,3106611913
54032,4926,2.25448e-05,0.991899,2.52229e-05,0.180874,0.274856,0.3,4.2,9.7,56.3,187.8,100,3106611913
54034,4930,2.23347e-05,0.991849,2.55657e-05,0.252667,0.271327,0.5,6.8,7.8,58.8,186.4,100,3106611913
54036,4941,2.22342e-05,0.991751,2.55429e-05,0.137987,0.279208,0.2,3.8,8.6,58.4,186.8,100,3106611913
54038,4931,2.29492e-05,0.99177,2.59429e-05,0.340852,0.289482,0.6,6.0,9.5,60.7,195.1,100,3106611913
54040,4945,2.31319e-05,0.991745,2.63543e-05,0.382846,0.276617,0.6,6.2,9.1,59.6,189.3,100,3106611913
54042,5031,2.15534e-05,0.991731,2.57371e-05,0.318269,0.270986,0.7,5.1,8.6,60.8,186.8,100,3106611913
54044,5030,2.24101e-05,0.991816,2.536e-05,0.389687,0.303713,0.6,4.8,6.0,57.0,191.1,100,3106611913
54046,4942,2.24946e-05,0.991989,2.51086e-05,0.253585,0.304028,0.3,3.8,8.7,58.0,185.9,100,3106611913
54048,4975,2.21953e-05,0.991914,2.55543e-05,0.288865,0.2957,0.3,6.0,9.3,58.5,189.5,100,3106611913
54050,4928,2.28578e-05,0.991981,2.44914e-05,0.392929,0.299944,0.5,4.5,7.4,57.5,184.1,100,3106611913
54052,4920,2.25266e-05,0.991997,2.52686e-05,0.219335,0.290525,0.6,4.9,8.3,58.8,186.8,100,3106611913
54054,4939,2.24626e-05,0.991985,2.51771e-05,0.267924,0.29763,0.2,4.8,8.5,61.3,188.6,100,3106611913
54056,4928,2.1823e-05,0.99205,2.46743e-05,0.289855,0.319619,0.3,4.7,8.7,56.0,189.0,100,3106611913
54058,4989,2.27893e-05,0.991993,2.49714e-05,0.16955,0.302422,0.3,4.3,7.2,62.5,190.4,100,3106611913
54060,4944,2.34129e-05,0.991898,2.544e-05,0.1839,0.306345,0.2,5.0,8.3,59.3,186.8,100,3106611913
54062,4984,2.26865e-05,0.991857,2.52114e-05,0.350362,0.297322,0.8,4.5,10.5,59.7,191.2,100,3106611913
54064,4981,2.29172e-05,0.991924,2.52914e-05,0.362515,0.255783,0.7,5.8,8.0,55.3,192.4,100,3106611913
54066,4951,2.27504e-05,0.992027,2.53257e-05,0.403696,0.308428,0.6,6.1,9.1,56.7,191.0,100,3106611913
54068,4951,2.28692e-05,0.992007,2.45143e-05,0.254994,0.297318,0.1,4.4,8.9,55.4,182.3,100,3106611913
54070,4947,2.17453e-05,0.99193,2.48114e-05,0.123121,0.303522,0.2,3.6,9.2,61.6,186.6,100,3106611913
54072,4907,2.19052e-05,0.991987,2.46857e-05,0.242615,0.307827,0.7,4.6,8.4,62.5,185.0,100,3106611913
54074,4952,2.29674e-05,0.992012,2.54743e-05,0.342701,0.265509,0.6,6.7,8.3,58.9,183.3,100,3106611913
54076,4971,2.24626e-05,0.991964,2.51657e-05,0.186209,0.262393,0.4,4.8,8.0,55.6,191.8,100,3106611913
54078,4947,2.27641e-05,0.991964,2.53943e-05,0.392895,0.305371,0.3,5.7,8.4,57.7,186.0,100,3106611913
54080,4941,2.28989e-05,0.992156,2.512e-05,0.222665,0.262074,0.2,6.0,7.7,57.5,191.1,100,3106611913
54082,4952,2.31251e-05,0.992154,2.44571e-05,0.442217,0.31365,0.5,4.8,6.7,57.5,194.9,100,3106611913
54084,5021,2.29286e-05,0.992174,2.53943e-05,0.211448,0.294157,0.3,5.2,7.3,57.2,193.0,100,3106611913
54086,4946,2.25334e-05,0.992125,2.576e-05,0.124496,0.275225,0.1,3.5,8.4,59.5,188.1,100,3106611913
54088,4967,2.26568e-05,0.992143,2.49714e-05,0.175686,0.283747,0.3,4.3,8.5,60.4,187.3,100,3106611913
54090,4895,2.25471e-05,0.992225,2.54057e-05,0.139108,0.283836,0.1,4.4,8.2,64.5,184.4,100,3106611913
54092,4987,2.26705e-05,0.992121,2.584e-05,0.254478,0.28091,0.2,5.4,6.5,60.1,190.3,100,3106611913
54094,4900,2.21885e-05,0.992115,2.51771e-05,0.161691,0.28769,0.2,4.5,7.2,61.3,188.6,100,3106611913
54096,4902,2.25471e-05,0.99217,2.61829e-05,0.400702,0.286989,0.4,5.9,8.6,63.3,191.2,100,3106611913
54098,5003,2.2056e-05,0.992078,2.44343e-05,0.205555,0.311148,0.4,4.3,8.6,56.1,178.8,100,3106611913
54100,4989,2.26134e-05,0.992003,2.38743e-05,0.258055,0.279739,0.2,5.4,7.4,57.2,180.9,100,3106611913
54102,4930,2.28829e-05,0.991995,2.544e-05,0.309017,0.297678,0.7,4.2,9.8,58.8,183.4,100,3106611913
54104,4970,2.23826e-05,0.992155,2.51886e-05,0.149399,0.276795,0.0,4.7,9.4,58.9,196.9,100,3106611913
54106,4983,2.25837e-05,0.992092,2.49371e-05,0.239716,0.307479,0.8,5.2,6.8,59.2,186.2,100,3106611913
54108,4928,2.22913e-05,0.992134,2.45371e-05,0.151364,0.27758,0.1,4.6,7.9,59.6,190.6,100,3106611913
54110,4929,2.249e-05,0.992143,2.488e-05,0.29156,0.322433,0.5,4.7,8.1,57.7,184.1,100,3106611913
54112,5006,2.24832e-05,0.992134,2.56457e-05,0.41403,0.303925,0.8,5.0,8.0,58.3,197.0,100,3106611913
54114,4918,2.32324e-05,0.992078,2.50286e-05,0.369867,0.309329,0.4,4.4,8.9,59.7,189.6,100,3106611913
54116,4905,2.25768e-05,0.992033,2.49943e-05,0.276607,0.313842,0.5,4.4,7.4,59.8,190.0,100,3106611913
54118,4975,2.21588e-05,0.992101,2.50514e-05,0.200874,0.278357,0.5,3.9,7.7,58.1,190.2,100,3106611913
54120,4893,2.16539e-05,0.992079,2.54057e-05,0.343116,0.274608,0.5,3.3,7.5,60.2,191.2,100,3106611913
54122,4969,2.24055e-05,0.991942,2.60114e-05,0.350502,0.277518,0.4,4.4,8.7,57.1,191.8,100,3106611913
54124,4923,2.32165e-05,0.991897,2.55657e-05,0.165853,0.285884,0.2,4.9,7.5,59.0,184.8,100,3106611913
54126,4995,2.30908e-05,0.99199,2.51657e-05,0.305731,0.3087,0.4,5.1,8.9,56.1,194.1,100,3106611913
54128,4943,2.24009e-05,0.9921,2.55657e-05,0.212031,0.29203,0.3,5.5,7.0,59.7,191.8,100,3106611913
54130,4899,2.24991e-05,0.992094,2.592e-05,0.202936,0.282491,0.5,5.4,8.4,60.6,189.7,100,3106611913
54132,4992,2.28647e-05,0.992184,2.53029e-05,0.301384,0.292554,0.5,4.8,9.0,57.2,186.9,100,3106611913
54134,4959,2.2024e-05,0.992228,2.57029e-05,0.177756,0.275939,0.2,4.6,7.8,61.7,190.5,100,3106611913
54136,4955,2.23644e-05,0.992168,2.50629e-05,0.130424,0.2997,0.2,3.2,6.5,64.8,182.8,100,3106611913
54138,4918,2.23895e-05,0.992254,2.40571e-05,0.404313,0.309808,0.7,5.2,9.4,56.1,185.1,100,3106611913
54140,4962,2.17955e-05,0.992265,2.51086e-05,0.375756,0.308224,0.6,4.3,6.6,58.7,191.3,100,3106611913
54142,4921,2.27664e-05,0.992229,2.48686e-05,0.366528,0.282988,0.4,4.0,8.3,56.7,185.1,100,3106611913
54144,4958,2.20628e-05,0.992116,2.52457e-05,0.192771,0.291447,0.5,4.6,6.5,61.0,190.6,100,3106611913
54146,4974,2.19669e-05,0.992214,2.53943e-05,0.206303,0.286037,0.3,5.0,8.8,57.6,190.6,100,3106611913
54148,4972,2.16174e-05,0.992105,2.504e-05,0.220233,0.27811,0.5,5.2,8.5,61.0,190.4,100,3106611913
54150,4912,2.27961e-05,0.992209,2.55086e-05,0.30073,0.26115,0.5,5.1,7.8,60.0,190.1,100,3106611913
54152,4916,2.24626e-05,0.992175,2.42629e-05,0.181276,0.326024,0.3,5.1,6.2,58.8,187.9,100,3106611913
54154,4934,2.25471e-05,0.992252,2.59086e-05,0.316844,0.282995,0.7,5.5,8.4,60.0,191.4,100,3106611913
54156,4989,2.2554e-05,0.992215,2.59886e-05,0.559474,0.258681,0.9,5.8,8.8,60.4,190.4,100,3106611913
54158,4940,2.19395e-05,0.992225,2.56914e-05,0.362139,0.282584,0.8,5.5,9.5,60.8,190.3,100,3106611913
54160,5000,2.23689e-05,0.992268,2.43886e-05,0.292509,0.2899,0.6,4.4,8.0,57.7,186.6,100,3106611913
54162,5024,2.28212e-05,0.992142,2.53829e-05,0.31316,0.280597,0.5,5.1,7.1,60.0,189.6,100,3106611913
54164,4966,2.20765e-05,0.992223,2.448e-05,0.168033,0.304625,0.1,5.1,8.5,55.6,187.0,100,3106611913
54166,4934,2.25129e-05,0.992204,2.46286e-05,0.17171,0.307038,0.4,4.6,8.3,57.2,189.8,100,3106611913
54168,4904,2.27961e-05,0.992118,2.55086e-05,0.382767,0.26719,0.3,5.3,9.1,59.5,189.0,100,3106611913
54170,4918,2.25425e-05,0.992198,2.53714e-05,0.196695,0.289696,0.4,5.1,8.5,63.9,192.3,100,3106611913
54172,4957,2.25403e-05,0.992205,2.56457e-05,0.157646,0.287367,0.2,4.1,7.0,65.8,191.1,100,3106611913
54174,4966,2.20331e-05,0.992245,2.50057e-05,0.294238,0.303692,0.5,5.1,8.5,59.4,185.0,100,3106611913
54176,4984,2.26271e-05,0.992256,2.50514e-05,0.251346,0.311055,0.3,4.5,9.1,60.6,183.6,100,3106611913
54178,4908,2.2586e-05,0.992288,2.48229e-05,0.185885,0.295757,0.3,3.6,8.4,60.1,186.9,100,3106611913
54180,5022,2.32576e-05,0.992081,2.48571e-05,0.292218,0.293804,0.3,5.6,7.9,60.4,182.4,100,3106611913
54182,4942,2.32439e-05,0.992184,2.56457e-05,0.380422,0.274234,0.4,4.8,8.6,59.1,193.2,100,3106611913
54184,4951,2.36962e-05,0.992206,2.59886e-05,0.265297,0.291871,0.3,4.2,8.5,61.3,198.7,100,3106611913
54186,4968,2.19258e-05,0.992268,2.456e-05,0.265127,0.299556,0.6,4.0,7.1,57.7,183.9,100,3106611913
54188,4956,2.21885e-05,0.992278,2.47543e-05,0.23199,0.303277,0.4,5.2,7.6,58.1,185.3,100,3106611913
54190,4977,2.29949e-05,0.992154,2.49943e-05,0.261974,0.300687,0.3,4.1,7.4,59.7,182.9,100,3106611913
54192,4973,2.26134e-05,0.992161,2.52343e-05,0.392934,0.289531,0.7,5.1,7.8,53.9,193.6,100,3106611913
54194,4948,2.23095e-05,0.992253,2.57371e-05,0.340217,0.265648,0.5,5.4,8.3,60.3,194.4,100,3106611913
54196,4973,2.28532e-05,0.992205,2.49143e-05,0.203397,0.31193,0.4,5.4,6.2,56.3,188.7,100,3106611913
54198,5020,2.3751e-05,0.992289,2.60457e-05,0.297246,0.26746,0.6,4.1,8.1,62.8,195.7,100,3106611913
54200,4962,2.30634e-05,0.992307,2.56229e-05,0.150502,0.299281,0.1,5.3,9.1,58.6,187.8,100,3106611913
54202,4952,2.24146e-05,0.992269,2.51086e-05,0.292542,0.295499,0.5,5.0,6.2,56.7,191.8,100,3106611913
54204,4977,2.18732e-05,0.992292,2.46286e-05,0.136231,0.315811,0.1,5.3,7.9,57.3,192.3,100,3106611913
54206,4980,2.30885e-05,0.992171,2.52686e-05,0.172703,0.302005,0.4,4.3,9.1,60.4,189.6,100,3106611913
54208,4945,2.28441e-05,0.992146,2.552e-05,0.217714,0.28039,0.5,5.6,7.6,63.2,187.3,100,3106611913
54210,5021,2.26453e-05,0.992196,2.528e-05,0.197949,0.283622,0.2,4.9,8.1,59.4,185.0,100,3106611913
54212,4969,2.23461e-05,0.992232,2.51657e-05,0.340742,0.295778,0.6,6.0,7.7,57.0,183.9,100,3106611913
54214,4976,2.27916e-05,0.992221,2.61029e-05,0.30286,0.271558,0.4,5.5,8.7,59.0,186.4,100,3106611913
54216,4959,2.2755e-05,0.992307,2.56e-05,0.267119,0.302094,0.4,4.6,7.6,59.6,189.0,100,3106611913
54218,4962,2.24009e-05,0.992255,2.53143e-05,0.16009,0.296227,0.2,4.3,7.0,62.7,191.2,100,3106611913
54220,4974,2.23963e-05,0.992319,2.50629e-05,0.261834,0.30313,0.2,4.8,8.1,56.4,188.8,100,3106611913
54222,5000,2.32416e-05,0.992284,2.59543e-05,0.264695,0.270242,0.3,5.6,9.3,59.9,186.4,100,3106611913
54224,4971,2.30908e-05,0.992147,2.45714e-05,0.209756,0.325512,0.6,5.3,6.6,58.4,191.6,100,3106611913
54226,4932,2.23986e-05,0.992217,2.52229e-05,0.286172,0.296597,0.5,4.1,6.3,60.9,187.0,100,3106611913
54228,4983,2.28578e-05,0.992242,2.47543e-05,0.378521,0.301702,0.3,5.5,7.7,58.7,190.1,100,3106611913
54230,4943,2.2289e-05,0.99221,2.56343e-05,0.444062,0.308156,0.8,6.2,9.1,58.3,190.0,100,3106611913
54232,4905,2.2835e-05,0.992225,2.59429e-05,0.218711,0.26308,0.7,5.0,9.3,58.3,193.9,100,3106611913
54234,4985,2.34061e-05,0.992147,2.63314e-05,0.145636,0.260606,0.1,4.4,9.0,61.2,191.7,100,3106611913
54236,4987,2.22524e-05,0.992176,2.51657e-05,0.259572,0.296952,0.5,6.1,10.0,58.0,189.4,100,3106611913
54238,4981,2.29652e-05,0.992175,2.42286e-05,0.297789,0.321979,0.4,4.8,8.4,55.9,183.0,100,3106611913
54240,5019,2.21611e-05,0.992156,2.61486e-05,0.446781,0.279754,0.7,5.9,6.9,60.9,195.2,100,3106611913
54242,5030,2.29971e-05,0.992089,2.57829e-05,0.428847,0.283173,0.6,5.9,7.6,59.5,185.1,100,3106611913
54244,4994,2.20217e-05,0.992089,2.55429e-05,0.194867,0.281391,0.3,4.3,9.6,61.9,193.6,100,3106611913
54246,5009,2.22821e-05,0.992202,2.456e-05,0.411581,0.307107,0.4,3.6,8.6,63.1,188.0,100,3106611913
54248,4938,2.28784e-05,0.992206,2.52e-05,0.248761,0.291895,0.3,4.7,8.7,59.8,192.1,100,3106611913
54250,4954,2.29058e-05,0.992234,2.57829e-05,0.171227,0.279601,0.3,4.9,9.1,59.6,187.7,100,3106611913
54252,4968,2.26568e-05,0.992262,2.54857e-05,0.163823,0.297678,0.2,5.0,6.3,60.0,189.6,100,3106611913
54254,4956,2.31776e-05,0.992349,2.52457e-05,0.267196,0.28763,0.4,5.0,9.4,60.8,184.2,100,3106611913
54256,4945,2.23164e-05,0.99229,2.51771e-05,0.228442,0.28936,0.2,4.0,8.6,61.4,190.3,100,3106611913
54258,4942,2.29309e-05,0.992206,2.52229e-05,0.335109,0.293085,0.6,5.9,7.7,59.0,189.1,100,3106611913
54260,4899,2.30657e-05,0.992283,2.45714e-05,0.142857,0.319187,0.2,4.6,7.5,60.7,190.0,100,3106611913
54262,4945,2.22661e-05,0.992257,2.50286e-05,0.293689,0.291158,0.4,5.7,7.0,58.5,189.6,100,3106611913
54264,4945,2.23963e-05,0.992237,2.51429e-05,0.303315,0.273638,0.4,5.6,7.0,62.5,192.6,100,3106611913
54266,4937,2.31616e-05,0.992323,2.55429e-05,0.233874,0.321928,0.6,6.1,8.3,62.6,188.2,100,3106611913
54268,4977,2.2691e-05,0.992324,2.56229e-05,0.58039,0.30967,0.7,5.8,8.4,60.4,195.8,100,3106611913
54270,4950,2.294e-05,0.992363,2.53486e-05,0.151568,0.299714,0.3,3.7,7.6,60.4,190.7,100,3106611913
54272,4911,2.23027e-05,0.992345,2.43543e-05,0.255357,0.324269,0.5,4.5,9.0,59.4,184.8,100,3106611913
54274,4951,2.28852e-05,0.992368,2.51657e-05,0.286192,0.294636,0.6,5.4,6.5,64.4,188.7,100,3106611913
54276,4956,2.17659e-05,0.992289,2.45943e-05,0.322583,0.310495,0.5,5.5,7.7,60.4,182.7,100,3106611913
54278,5010,2.21725e-05,0.992286,2.49029e-05,0.191067,0.320199,0.2,5.9,7.7,57.3,188.2,100,3106611913
54280,4980,2.24283e-05,0.992356,2.48229e-05,0.255694,0.293172,0.4,4.4,9.9,58.1,181.3,100,3106611913
54282,4986,2.30794e-05,0.992392,2.57829e-05,0.174032,0.294138,0.3,4.6,8.1,60.0,194.5,100,3106611913
54284,4976,2.26591e-05,0.992397,2.54286e-05,0.271708,0.292517,0.4,4.1,8.5,63.4,191.3,100,3106611913
54286,4958,2.25037e-05,0.992318,2.51657e-05,0.199183,0.292651,0.6,4.6,7.4,55.3,193.8,100,3106611913
54288,5012,2.22661e-05,0.992353,2.50971e-05,0.29799,0.281705,0.5,5.7,8.0,56.9,182.4,100,3106611913
54290,4967,2.35591e-05,0.992355,2.52229e-05,0.426383,0.294499,0.7,5.4,7.9,57.1,190.3,100,3106611913
54292,5010,2.26111e-05,0.992288,2.48571e-05,0.129829,0.302644,0.2,4.3,7.6,61.0,187.9,100,3106611913
54294,4901,2.28098e-05,0.992292,2.49486e-05,0.452275,0.309878,1.0,6.0,5.6,59.7,188.9,100,3106611913
54296,5012,2.29949e-05,0.992264,2.47314e-05,0.190793,0.302847,0.5,4.6,7.2,59.6,188.0,100,3106611913
54298,4983,2.29035e-05,0.992363,2.45486e-05,0.384104,0.304119,0.5,5.2,8.7,62.1,182.1,100,3106611913
54300,4985,2.29103e-05,0.99232,2.61143e-05,0.254585,0.232316,0.2,5.0,7.3,60.1,189.7,100,3106611913
54302,4970,2.29172e-05,0.992288,2.51771e-05,0.205113,0.303868,0.3,5.6,6.7,60.8,184.6,100,3106611913
54304,4930,2.33398e-05,0.992304,2.54971e-05,0.235255,0.296154,0.5,5.2,8.3,62.4,186.5,100,3106611913
54306,4939,2.24123e-05,0.992322,2.42171e-05,0.390253,0.32288,0.7,4.9,7.4,59.0,188.0,100,3106611913
54308,5032,2.21336e-05,0.992249,2.53714e-05,0.529435,0.290563,0.7,7.1,8.6,58.6,189.2,100,3106611913
54310,4944,2.34175e-05,0.992177,2.45714e-05,0.177634,0.307609,0.4,4.0,8.1,57.5,185.1,100,3106611913
54312,4940,2.35317e-05,0.99217,2.49371e-05,0.278792,0.284402,0.5,5.1,7.2,58.5,187.7,100,3106611913
54314,4988,2.28167e-05,0.99229,2.544e-05,0.30719,0.303041,0.7,5.1,8.9,58.3,186.5,100,3106611913
54316,5017,2.28258e-05,0.992216,2.52229e-05,0.147818,0.305138,0.2,4.9,6.7,59.5,190.0,100,3106611913
54318,4979,2.29469e-05,0.992221,2.50629e-05,0.216455,0.286346,0.5,4.8,7.1,58.0,191.7,100,3106611913
54320,4932,2.2819e-05,0.992218,2.48e-05,0.217113,0.320412,0.7,4.8,6.2,61.5,186.4,100,3106611913
54322,4971,2.2257e-05,0.992286,2.60914e-05,0.16066,0.275709,0.2,4.7,9.0,59.2,188.7,100,3106611913
54324,4958,2.23529e-05,0.992336,2.42514e-05,0.195916,0.305154,0.4,5.5,7.4,58.3,187.7,100,3106611913
54326,4967,2.21748e-05,0.992398,2.50171e-05,0.296813,0.319776,0.8,4.8,6.4,63.7,184.5,100,3106611913
54328,4998,2.28053e-05,0.992331,2.45829e-05,0.12699,0.286675,0.2,3.2,7.6,59.5,180.9,100,3106611913
54330,4933,2.31251e-05,0.99224,2.54629e-05,0.337928,0.257438,0.3,5.1,8.8,64.3,187.6,100,3106611913
54332,4966,2.27504e-05,0.992187,2.56e-05,0.408378,0.298563,1.1,6.1,9.1,58.7,195.2,100,3106611913
54334,5015,2.21679e-05,0.992144,2.46857e-05,0.307206,0.310158,0.7,5.5,6.9,62.1,192.9,100,3106611913
54336,4920,2.27916e-05,0.992084,2.51771e-05,0.192004,0.307717,0.2,5.3,9.2,59.4,193.6,100,3106611913
54338,5000,2.26545e-05,0.992135,2.53143e-05,0.467061,0.295831,0.7,4.4,7.7,60.3,189.5,100,3106611913
54340,4949,2.25403e-05,0.991968,2.57029e-05,0.465879,0.294551,0.8,7.3,8.5,60.0,185.1,100,3106611913
54342,4960,2.25585e-05,0.99203,2.49371e-05,0.36187,0.309222,0.4,4.4,7.8,58.8,188.7,100,3106611913
54344,4985,2.24078e-05,0.991965,2.61829e-05,0.217416,0.28965,0.5,5.5,7.3,63.2,192.7,100,3106611913
54346,4909,2.35111e-05,0.991987,2.48914e-05,0.210718,0.295173,0.7,4.5,7.1,59.7,188.6,100,3106611913
54348,4945,2.17384e-05,0.992068,2.49943e-05,0.28271,0.306044,0.4,5.3,8.0,60.6,186.8,100,3106611913
54350,4961,2.17179e-05,0.99203,2.53486e-05,0.179182,0.293661,0.5,4.5,7.1,60.5,189.7,100,3106611913
54352,4939,2.26202e-05,0.992054,2.60114e-05,0.350249,0.272201,0.8,5.2,7.6,61.3,193.2,100,3106611913
54354,4976,2.18298e-05,0.991963,2.52457e-05,0.204938,0.311665,0.3,5.3,8.7,60.6,192.5,100,3106611913
54356,4977,2.27093e-05,0.992019,2.50286e-05,0.384525,0.307908,0.5,5.8,6.9,61.1,185.3,100,3106611913
54358,5005,2.20697e-05,0.992111,2.52e-05,0.213114,0.302759,0.5,5.7,7.6,64.2,190.5,100,3106611913
54360,4935,2.23644e-05,0.992196,2.52571e-05,0.388215,0.302438,0.5,6.0,7.7,60.5,195.6,100,3106611913
54362,4989,2.30657e-05,0.992093,2.48343e-05,0.210972,0.308614,0.7,5.1,6.5,59.9,187.2,100,3106611913
54364,4952,2.28647e-05,0.992172,2.512e-05,0.270012,0.283532,0.8,5.7,7.5,59.7,186.1,100,3106611913
54366,4923,2.23438e-05,0.992156,2.49371e-05,0.140587,0.298229,0.1,4.6,7.2,60.3,188.7,100,3106611913
54368,4956,2.26933e-05,0.992141,2.49943e-05,0.172714,0.293874,0.2,5.3,9.9,58.9,186.1,100,3106611913
54370,4912,2.3301e-05,0.992253,2.58514e-05,0.209757,0.262348,0.5,5.3,7.9,62.3,190.3,100,3106611913
54372,4961,2.21017e-05,0.992143,2.58286e-05,0.287379,0.298799,0.5,5.0,6.7,63.0,189.8,100,3106611913
54374,5002,2.34495e-05,0.992315,2.43886e-05,0.179229,0.321393,0.2,4.9,7.5,59.1,186.3,100,3106611913
54376,4928,2.25905e-05,0.992232,2.45943e-05,0.207911,0.298762,0.3,5.4,9.2,57.6,192.7,100,3106611913
54378,4949,2.27596e-05,0.992199,2.44457e-05,0.2207,0.319036,0.5,6.0,6.1,58.9,195.0,100,3106611913
54380,4923,2.28921e-05,0.992296,2.52e-05,0.29097,0.287981,0.4,5.1,7.1,56.1,194.5,100,3106611913
54382,4881,2.30017e-05,0.992183,2.50971e-05,0.337887,0.300624,0.7,6.0,7.2,57.9,189.6,100,3106611913
54384,4987,2.28715e-05,0.992131,2.59429e-05,0.166486,0.274278,0.1,3.9,8.5,63.6,196.3,100,3106611913
54386,4969,2.2321e-05,0.992271,2.48343e-05,0.239417,0.28633,0.4,3.4,8.0,57.4,189.8,100,3106611913
54388,4973,2.21588e-05,0.992191,2.49371e-05,0.283856,0.289794,0.5,4.7,7.3,64.5,195.5,100,3106611913
54390,4982,2.30154e-05,0.992267,2.53257e-05,0.303293,0.298528,0.7,4.8,8.0,60.9,185.1,100,3106611913
54392,4998,2.21565e-05,0.992274,2.59657e-05,0.258865,0.286253,0.7,6.5,9.0,56.7,188.9,100,3106611913
54394,4944,2.20697e-05,0.992283,2.54057e-05,0.415336,0.281705,0.5,5.3,8.0,58.4,188.6,100,3106611913
54396,4957,2.33192e-05,0.992215,2.44914e-05,0.307782,0.303326,0.6,4.7,8.2,61.1,190.4,100,3106611913
54398,4948,2.28053e-05,0.992087,2.51771e-05,0.217259,0.295067,0.5,5.5,6.9,62.5,186.1,100,3106611913
54400,4892,2.29492e-05,0.991991,2.51771e-05,0.168948,0.291587,0.3,4.6,7.8,60.5,190.0,100,3106611913
54402,4962,2.25334e-05,0.992026,2.544e-05,0.193899,0.296204,0.3,5.7,8.3,58.0,187.9,100,3106611913
54404,4945,2.31479e-05,0.99206,2.568e-05,0.205843,0.276224,0.4,5.6,7.5,61.5,186.8,100,3106611913
54406,4996,2.24832e-05,0.992046,2.58971e-05,0.139012,0.272307,0.1,4.2,7.2,60.6,192.4,100,3106611913
54408,4930,2.3285e-05,0.992071,2.41486e-05,0.362703,0.32214,0.6,4.8,8.2,60.1,191.2,100,3106611913
54410,4911,2.30657e-05,0.992034,2.55429e-05,0.241792,0.306902,0.6,4.9,8.0,62.3,190.9,100,3106611913
54412,4963,2.33055e-05,0.991966,2.48457e-05,0.178334,0.279314,0.3,5.0,8.7,59.3,185.8,100,3106611913
54414,4992,2.28898e-05,0.991925,2.58629e-05,0.233536,0.290649,0.5,5.8,9.3,61.3,190.6,100,3106611913
54416,4910,2.25403e-05,0.991977,2.54057e-05,0.15772,0.271628,0.2,5.1,7.1,57.5,193.5,100,3106611913
54418,4939,2.31548e-05,0.992089,2.55086e-05,0.255926,0.262182,0.6,5.7,8.2,61.8,187.1,100,3106611913
54420,4973,2.12267e-05,0.992141,2.52686e-05,0.254395,0.299434,0.4,4.8,7.8,60.2,193.5,100,3106611913
54422,4938,2.33604e-05,0.992214,2.46857e-05,0.166752,0.292065,0.3,4.7,7.2,60.5,185.2,100,3106611913
54424,4951,2.34632e-05,0.992242,2.58171e-05,0.445447,0.282535,0.7,6.5,8.9,58.3,184.6,100,3106611913
54426,4979,2.29309e-05,0.992273,2.57143e-05,0.241171,0.288881,0.4,5.5,10.5,62.3,189.0,100,3106611913
54428,5010,2.25403e-05,0.992226,2.49486e-05,0.348288,0.302129,0.7,4.9,7.2,62.1,188.0,100,3106611913
54430,4959,2.28784e-05,0.992166,2.52914e-05,0.154272,0.285736,0.1,4.6,5.5,65.6,188.5,100,3106611913
54432,4970,2.25037e-05,0.992159,2.57029e-05,0.136192,0.28095,0.1,4.2,8.7,61.4,195.7,100,3106611913
54434,4920,2.32393e-05,0.992048,2.52343e-05,0.265044,0.283407,0.5,4.2,8.0,58.6,193.4,100,3106611913
54436,4999,2.31525e-05,0.991994,2.51543e-05,0.20676,0.294858,0.5,4.7,7.7,59.0,190.8,100,3106611913
54438,4943,2.32005e-05,0.992025,2.52114e-05,0.43894,0.291407,0.9,5.3,7.3,60.4,194.6,100,3106611913
54440,4923,2.2956e-05,0.991925,2.512e-05,0.379005,0.283028,0.5,5.3,6.2,60.8,185.4,100,3106611913
54442,4921,2.27778e-05,0.991913,2.53029e-05,0.316263,0.328079,0.5,5.3,9.6,60.7,182.5,100,3106611913
54444,4933,2.31959e-05,0.991749,2.48e-05,0.257869,0.300541,0.5,4.0,6.7,60.9,188.8,100,3106611913
54446,4933,2.21999e-05,0.991918,2.55429e-05,0.635594,0.293786,1.0,5.8,7.2,58.1,192.5,100,3106611913
54448,4954,2.28053e-05,0.99189,2.46971e-05,0.237575,0.317173,0.3,4.0,8.4,63.1,191.4,100,3106611913
54450,4904,2.29606e-05,0.992053,2.46171e-05,0.179517,0.307153,0.4,5.2,5.9,58.7,189.9,100,3106611913
54452,4943,2.2924e-05,0.991963,2.54171e-05,0.329655,0.287454,0.8,5.2,8.4,60.2,195.2,100,3106611913
54454,4906,2.35705e-05,0.991995,2.50743e-05,0.193306,0.267805,0.3,4.6,9.1,60.4,190.5,100,3106611913
54456,4935,2.32393e-05,0.992087,2.528e-05,0.207825,0.300519,0.6,4.8,8.4,61.4,186.5,100,3106611913
54458,5027,2.37373e-05,0.992116,2.49371e-05,0.180097,0.319309,0.4,4.3,7.0,60.0,185.4,100,3106611913
54460,4986,2.30428e-05,0.992104,2.59657e-05,0.461505,0.279322,0.4,5.4,9.5,60.4,194.6,100,3106611913
54462,4942,2.34335e-05,0.992128,2.54286e-05,0.333038,0.294732,0.6,6.0,7.9,62.5,186.1,100,3106611913
54464,4943,2.28875e-05,0.992127,2.51543e-05,0.340601,0.302343,0.7,5.6,9.1,61.6,188.0,100,3106611913
54466,4964,2.29697e-05,0.992213,2.48686e-05,0.206968,0.309838,0.5,5.4,8.0,60.4,183.4,100,3106611913
54468,4946,2.2787e-05,0.992113,2.59314e-05,0.317989,0.257314,0.6,5.1,8.7,59.0,185.7,100,3106611913
54470,4947,2.34061e-05,0.991964,2.59543e-05,0.17799,0.27384,0.2,4.7,7.2,58.3,192.3,100,3106611913
54472,4965,2.22776e-05,0.991986,2.52686e-05,0.15488,0.283091,0.3,4.6,10.2,59.2,185.3,100,3106611913
54474,5017,2.28555e-05,0.992072,2.50857e-05,0.379342,0.307178,0.5,5.1,8.8,61.0,188.9,100,3106611913
54476,4960,2.25905e-05,0.992196,2.50286e-05,0.179555,0.310066,0.3,5.1,7.9,59.4,188.3,100,3106611913
54478,4923,2.2321e-05,0.992133,2.57029e-05,0.251733,0.284264,0.8,5.1,7.8,61.8,190.7,100,3106611913
54480,4951,2.25083e-05,0.992137,2.56457e-05,0.268596,0.294483,0.6,4.8,8.4,56.8,188.6,100,3106611913
54482,4948,2.1807e-05,0.992031,2.504e-05,0.29295,0.286581,0.5,5.0,7.6,60.9,190.3,100,3106611913
54484,4960,2.34152e-05,0.992048,2.50629e-05,0.201694,0.283087,0.2,5.5,7.8,64.7,187.9,100,3106611913
54486,4941,2.35591e-05,0.992061,2.51086e-05,0.366969,0.306349,0.5,4.5,7.5,61.6,192.2,100,3106611913
54488,4957,2.1839e-05,0.99218,2.53143e-05,0.19912,0.276004,0.6,4.5,7.4,60.0,192.9,100,3106611913
54490,4906,2.257e-05,0.992236,2.52914e-05,0.2129,0.293712,0.5,4.8,8.7,59.1,193.4,100,3106611913
54492,5016,2.38355e-05,0.992288,2.472e-05,0.177333,0.31589,0.4,4.4,7.4,61.0,188.5,100,3106611913
54494,4917,2.28784e-05,0.992273,2.53829e-05,0.122292,0.292613,0.0,4.4,7.1,65.5,193.0,100,3106611913
54496,5003,2.21976e-05,0.992129,2.55771e-05,0.222417,0.291885,0.5,5.4,7.4,60.4,193.9,100,3106611913
54498,5001,2.15603e-05,0.992089,2.57143e-05,0.178751,0.26709,0.4,4.7,7.6,59.7,193.9,100,3106611913
54500,4984,2.27664e-05,0.99214,2.53829e-05,0.202684,0.285983,0.5,6.1,8.1,63.0,194.7,100,3106611913
54502,4974,2.31822e-05,0.992074,2.55429e-05,0.387342,0.299271,1.0,6.2,8.7,57.3,191.6,100,3106611913
54504,4996,2.30611e-05,0.992003,2.52686e-05,0.281525,0.291042,0.9,5.9,8.5,57.6,191.3,100,3106611913
54506,4986,2.2771e-05,0.992149,2.54286e-05,0.401479,0.276733,1.0,6.0,7.4,63.7,185.1,100,3106611913
54508,4954,2.31365e-05,0.991979,2.56457e-05,0.34124,0.284818,0.8,5.8,8.5,64.5,189.0,100,3106611913
54510,4926,2.30474e-05,0.992049,2.59886e-05,0.244745,0.28453,0.2,4.9,9.0,62.0,188.7,100,3106611913
54512,4966,2.25608e-05,0.992082,2.41029e-05,0.158206,0.320872,0.0,4.4,7.4,58.8,183.9,100,3106611913
54514,4979,2.23004e-05,0.992018,2.48686e-05,0.324206,0.304995,0.5,5.7,9.0,62.6,189.7,100,3106611913
54516,4911,2.30543e-05,0.992046,2.53371e-05,0.155634,0.280386,0.1,4.4,7.9,58.9,195.0,100,3106611913
54518,4979,2.27619e-05,0.992037,2.51314e-05,0.351538,0.287749,0.6,6.3,6.9,60.8,189.1,100,3106611913
54520,4953,2.26408e-05,0.992105,2.57257e-05,0.384897,0.272799,0.4,5.1,8.4,56.6,185.4,100,3106611913
54522,4990,2.32918e-05,0.992261,2.54971e-05,0.155153,0.283261,0.2,4.2,8.0,65.1,192.8,100,3106611913
54524,4951,2.23484e-05,0.992061,2.48229e-05,0.202926,0.304946,0.7,4.2,7.4,59.7,188.2,100,3106611913
54526,4919,2.3687e-05,0.992077,2.59886e-05,0.296899,0.276864,0.3,6.1,8.6,61.6,194.5,100,3106611913
54528,4929,2.28098e-05,0.992003,2.53714e-05,0.586518,0.293415,0.9,5.2,8.6,63.0,187.4,100,3106611913
54530,4908,2.27778e-05,0.99187,2.56914e-05,0.282252,0.292652,0.3,5.4,9.0,62.5,192.9,100,3106611913
54532,4944,2.30611e-05,0.991836,2.52914e-05,0.313332,0.31084,0.5,5.6,7.7,59.1,188.8,100,3106611913
54534,4961,2.29286e-05,0.991841,2.47543e-05,0.313268,0.300283,0.5,5.3,7.8,62.7,183.4,100,3106611913
54536,4971,2.31479e-05,0.991743,2.488e-05,0.183685,0.308655,0.4,4.6,7.5,58.7,185.8,100,3106611913
54538,4874,2.32987e-05,0.991891,2.53257e-05,0.334814,0.278965,0.6,6.3,8.5,59.9,187.9,100,3106611913
54540,4960,2.28395e-05,0.991999,2.56e-05,0.21315,0.291235,0.7,4.6,7.9,57.7,192.8,100,3106611913
54542,4941,2.31868e-05,0.991892,2.48229e-05,0.323233,0.288749,0.5,6.2,8.5,57.7,186.9,100,3106611913
54544,4972,2.21885e-05,0.991852,2.57829e-05,0.15409,0.261276,0.1,4.4,9.7,65.0,192.8,100,3106611913
54546,5001,2.22913e-05,0.991827,2.57143e-05,0.287144,0.249896,0.5,5.0,8.7,61.4,187.7,100,3106611913
54548,4995,2.20194e-05,0.991899,2.6e-05,0.3216,0.25928,0.6,5.8,7.0,64.3,196.2,100,3106611913
54550,4926,2.25357e-05,0.992034,2.49371e-05,0.312123,0.285052,0.5,5.1,9.1,62.1,189.2,100,3106611913
54552,4975,2.25677e-05,0.992123,2.62286e-05,0.274348,0.274529,0.4,5.4,8.2,62.6,193.1,100,3106611913
54554,4990,2.2209e-05,0.992098,2.59086e-05,0.314779,0.279219,0.6,6.0,7.3,62.9,198.6,100,3106611913
54556,4893,2.27276e-05,0.991931,2.51657e-05,0.252816,0.261359,0.8,5.5,9.0,59.8,191.7,100,3106611913
54558,4952,2.17818e-05,0.992028,2.54171e-05,0.416543,0.265649,0.8,5.9,7.6,63.0,189.1,100,3106611913
54560,4907,2.24557e-05,0.991978,2.50286e-05,0.250917,0.30205,0.5,6.2,8.9,60.6,191.1,100,3106611913
54562,4895,2.26316e-05,0.992023,2.49714e-05,0.166137,0.297717,0.3,4.5,8.8,60.8,189.9,100,3106611913
54564,4926,2.2305e-05,0.992021,2.51543e-05,0.266949,0.294239,0.3,5.3,7.5,61.9,187.9,100,3106611913
54566,4933,2.37007e-05,0.992011,2.50514e-05,0.230402,0.306146,0.3,4.4,9.3,61.2,186.2,100,3106611913
54568,4936,2.36368e-05,0.992093,2.512e-05,0.238834,0.308992,0.2,4.4,7.2,60.6,189.3,100,3106611913
54570,4946,2.18527e-05,0.991995,2.54057e-05,0.231839,0.289642,0.3,3.9,8.1,60.9,190.0,100,3106611913
54572,4887,2.19714e-05,0.992069,2.504e-05,0.237184,0.300048,0.8,6.1,7.4,62.8,186.2,100,3106611913
54574,5006,2.27025e-05,0.9921,2.61943e-05,0.298933,0.267328,0.8,5.7,7.7,60.6,193.8,100,3106611913
54576,4952,2.33284e-05,0.992047,2.54057e-05,0.347586,0.286287,0.4,4.6,6.8,66.7,188.6,100,3106611913
54578,4982,2.23849e-05,0.992167,2.408e-05,0.301617,0.321815,0.5,5.1,7.0,56.7,188.1,100,3106611913
54580,4995,2.29081e-05,0.992159,2.46629e-05,0.410311,0.286689,0.7,4.6,9.1,60.9,189.6,100,3106611913
54582,4896,2.18458e-05,0.992078,2.512e-05,0.295033,0.304573,0.5,5.8,6.9,58.2,190.9,100,3106611913
54584,4968,2.28921e-05,0.992145,2.52457e-05,0.220234,0.297932,0.5,5.5,8.5,61.3,191.2,100,3106611913
54586,4937,2.32827e-05,0.992096,2.52686e-05,0.28761,0.282696,0.3,5.3,7.9,61.2,198.1,100,3106611913
54588,4971,2.32576e-05,0.992105,2.59543e-05,0.228035,0.264881,0.4,5.5,9.2,62.1,187.3,100,3106611913
54590,4894,2.3004e-05,0.992236,2.50171e-05,0.219549,0.316583,0.5,6.6,8.1,60.1,186.4,100,3106611913
54592,4944,2.30611e-05,0.992258,2.59771e-05,0.222775,0.263639,0.6,4.8,8.9,61.4,195.0,100,3106611913
54594,4973,2.29789e-05,0.992186,2.55771e-05,0.194858,0.282015,0.4,4.1,9.0,63.1,193.3,100,3106611913
54596,5001,2.22227e-05,0.992123,2.57371e-05,0.148585,0.277276,0.0,5.4,7.8,60.5,192.9,100,3106611913
54598,4933,2.38995e-05,0.99209,2.56343e-05,0.192497,0.272652,0.2,5.1,8.8,62.5,194.2,100,3106611913
54600,4974,2.26682e-05,0.991905,2.50057e-05,0.45745,0.298954,1.1,4.9,9.2,61.0,193.5,100,3106611913
54602,4981,2.34677e-05,0.991947,2.54629e-05,0.180143,0.283579,0.2,4.5,8.2,57.6,191.1,100,3106611913
54604,4996,2.25722e-05,0.992023,2.60686e-05,0.375846,0.273925,0.5,5.0,7.8,59.1,199.0,100,3106611913
54606,4949,2.23918e-05,0.992111,2.60114e-05,0.20426,0.290247,0.6,4.6,8.5,62.0,189.0,100,3106611913
54608,4947,2.23438e-05,0.991997,2.64914e-05,0.190198,0.25151,0.4,5.2,10.1,60.4,195.6,100,3106611913
54610,4948,2.28075e-05,0.991986,2.55657e-05,0.274013,0.270658,0.3,4.4,7.9,62.3,186.8,100,3106611913
54612,4992,2.28898e-05,0.991913,2.53257e-05,0.318389,0.30611,0.8,5.1,8.9,59.6,194.6,100,3106611913
54614,4933,2.29126e-05,0.991902,2.57143e-05,0.397042,0.280858,0.4,6.6,7.6,60.2,191.2,100,3106611913
54616,4950,2.28852e-05,0.991875,2.47086e-05,0.270678,0.294849,0.6,4.2,7.2,62.4,188.9,100,3106611913
54618,4965,2.27938e-05,0.991926,2.58857e-05,0.298458,0.275255,0.7,5.3,8.1,59.4,190.9,100,3106611913
54620,4946,2.32119e-05,0.991947,2.51314e-05,0.401212,0.297763,1.0,4.4,7.2,55.8,193.9,100,3106611913
54622,4910,2.23027e-05,0.9921,2.51657e-05,0.208286,0.31084,0.6,5.2,8.0,60.8,192.1,100,3106611913
54624,4938,2.32302e-05,0.992168,2.51314e-05,0.344104,0.277905,0.3,4.4,9.1,62.0,183.6,100,3106611913
54626,4940,2.26842e-05,0.99201,2.47886e-05,0.264148,0.306399,0.4,4.8,8.3,61.6,186.1,100,3106611913
54628,4908,2.26842e-05,0.992164,2.53371e-05,0.135732,0.291667,0.2,3.8,9.6,60.0,188.9,100,3106611913
54630,4966,2.26476e-05,0.992195,2.54514e-05,0.246146,0.301449,0.4,4.1,8.3,59.4,193.8,100,3106611913
54632,4914,2.29103e-05,0.992111,2.50057e-05,0.254147,0.274828,0.3,4.4,7.7,60.2,183.9,100,3106611913
54634,4910,2.3333e-05,0.992061,2.48686e-05,0.262798,0.330461,0.9,6.3,8.1,57.9,186.2,100,3106611913
54636,5013,2.21976e-05,0.992099,2.56e-05,0.153626,0.266586,0.3,4.3,8.6,62.1,189.5,100,3106611913
54638,4970,2.30109e-05,0.992066,2.55429e-05,0.306422,0.275272,0.6,5.1,9.3,60.2,188.9,100,3106611913
54640,4910,2.30063e-05,0.992037,2.57257e-05,0.185352,0.283742,0.3,5.2,7.0,59.0,190.9,100,3106611913
54642,4985,2.30337e-05,0.992059,2.52e-05,0.417228,0.29028,0.8,5.3,8.1,59.8,189.4,100,3106611913
54644,4995,2.33764e-05,0.992158,2.48686e-05,0.202578,0.302518,0.6,5.2,8.7,60.0,192.3,100,3106611913
54646,4928,2.27619e-05,0.992135,2.55314e-05,0.299222,0.28968,0.5,3.9,5.9,62.6,192.7,100,3106611913
54648,4963,2.26545e-05,0.992171,2.50971e-05,0.421079,0.286302,0.7,5.5,7.5,61.6,190.4,100,3106611913
54650,5027,2.23301e-05,0.992138,2.48343e-05,0.349384,0.268708,0.5,3.9,8.1,57.0,187.4,100,3106611913
54652,5022,2.22661e-05,0.992151,2.58857e-05,0.257689,0.285097,0.4,4.4,7.2,64.2,192.1,100,3106611913
54654,4959,2.29606e-05,0.992278,2.53943e-05,0.255546,0.28375,0.3,5.4,8.1,58.9,187.8,100,3106611913
54656,4936,2.31479e-05,0.992183,2.576e-05,0.2969,0.265513,0.5,4.9,8.6,60.7,189.8,100,3106611913
54658,5012,2.30634e-05,0.992098,2.47657e-05,0.27882,0.302537,0.4,4.9,7.6,60.4,185.4,100,3106611913
54660,4895,2.3068e-05,0.99215,2.56457e-05,0.422687,0.292439,0.6,6.7,7.6,57.8,200.3,100,3106611913
54662,4892,2.19783e-05,0.992143,2.53486e-05,0.191861,0.31082,0.4,5.2,8.5,62.2,192.5,100,3106611913
54664,5004,2.29674e-05,0.992266,2.53486e-05,0.397542,0.302274,0.6,5.8,7.8,57.1,191.5,100,3106611913
54666,4923,2.26225e-05,0.992221,2.54171e-05,0.514557,0.277686,0.8,7.3,8.8,59.8,189.2,100,3106611913
54668,5003,2.20697e-05,0.992267,2.60571e-05,0.537417,0.288562,1.0,6.3,9.4,61.7,189.3,100,3106611913
54670,4906,2.31525e-05,0.992273,2.6e-05,0.26909,0.277444,0.4,4.6,8.5,60.0,189.7,100,3106611913
54672,4969,2.32187e-05,0.992152,2.50514e-05,0.268141,0.304332,0.3,5.5,8.1,61.3,193.1,100,3106611913
54674,4953,2.28144e-05,0.992094,2.46857e-05,0.158053,0.295991,0.4,3.6,7.2,60.0,184.6,100,3106611913
54676,4996,2.249e-05,0.992163,2.41371e-05,0.13557,0.299616,0.1,4.6,7.0,54.6,183.4,100,3106611913
54678,4918,2.21953e-05,0.992235,2.52914e-05,0.140495,0.27441,0.3,4.4,7.0,58.8,187.3,100,3106611913
54680,4901,2.31868e-05,0.992126,2.52343e-05,0.367701,0.299391,0.8,6.0,6.8,59.2,190.0,100,3106611913
54682,4954,2.29469e-05,0.992166,2.45143e-05,0.273618,0.306857,1.0,5.6,7.9,59.2,185.8,100,3106611913
54684,4923,2.32667e-05,0.992189,2.48229e-05,0.156497,0.304054,0.3,4.4,8.2,59.4,189.7,100,3106611913
54686,4915,2.22456e-05,0.992198,2.56571e-05,0.268374,0.276459,0.5,3.9,6.7,61.6,189.1,100,3106611913
54688,4974,2.28898e-05,0.99206,2.528e-05,0.373145,0.277735,0.8,3.9,9.2,61.2,190.3,100,3106611913
54690,4899,2.28235e-05,0.992066,2.53143e-05,0.369042,0.285269,0.5,4.2,7.5,61.4,190.4,100,3106611913
54692,4951,2.2988e-05,0.992071,2.44343e-05,0.307189,0.304358,0.5,4.9,9.0,59.2,186.7,100,3106611913
54694,4985,2.31799e-05,0.992152,2.49143e-05,0.136127,0.29622,0.1,5.0,7.5,65.5,190.4,100,3106611913
54696,5001,2.24306e-05,0.992109,2.51314e-05,0.1803,0.260717,0.4,4.8,7.9,59.4,190.8,100,3106611913
54698,5038,2.27687e-05,0.992138,2.51314e-05,0.185089,0.285813,0.4,4.5,8.0,63.7,190.1,100,3106611913
54700,4977,2.29743e-05,0.992166,2.54057e-05,0.283636,0.301324,0.4,6.6,6.0,63.4,185.5,100,3106611913
54702,5002,2.2321e-05,0.992092,2.36e-05,0.356599,0.329048,0.4,5.0,7.3,58.0,181.2,100,3106611913
54704,4936,2.30314e-05,0.992057,2.46057e-05,0.312832,0.292759,0.3,3.3,7.9,56.7,189.2,100,3106611913
54706,4922,2.26956e-05,0.992069,2.496e-05,0.295562,0.314074,0.7,4.3,7.3,60.6,189.1,100,3106611913
54708,4977,2.23575e-05,0.992029,2.62057e-05,0.288592,0.258976,0.4,5.2,7.3,62.0,193.1,100,3106611913
54710,4973,2.35682e-05,0.992051,2.56e-05,0.262861,0.291887,0.6,3.9,8.4,60.4,192.1,100,3106611913
54712,4980,2.2586e-05,0.992005,2.50971e-05,0.23633,0.294557,0.2,4.5,8.1,61.0,188.7,100,3106611913
54714,4990,2.27916e-05,0.99201,2.51886e-05,0.141396,0.293744,0.2,3.7,8.1,60.8,189.4,100,3106611913
54716,4946,2.3221e-05,0.992061,2.51086e-05,0.152715,0.300036,0.1,4.5,6.5,61.3,195.7,100,3106611913
54718,5000,2.35226e-05,0.992123,2.52686e-05,0.166052,0.309549,0.3,4.6,7.9,59.9,190.5,100,3106611913
54720,4978,2.34061e-05,0.992045,2.42286e-05,0.153752,0.305933,0.3,3.9,8.1,54.4,188.4,100,3106611913
54722,4999,2.28144e-05,0.992151,2.60914e-05,0.1361,0.274399,0.2,4.4,7.9,61.8,193.9,100,3106611913
54724,4934,2.22022e-05,0.992139,2.45943e-05,0.297514,0.322892,0.7,4.3,6.1,57.6,186.6,100,3106611913
54726,4972,2.27162e-05,0.991971,2.52229e-05,0.175785,0.291834,0.4,4.7,7.8,60.8,192.9,100,3106611913
54728,4984,2.24398e-05,0.991955,2.488e-05,0.323392,0.32881,0.8,5.2,7.6,61.3,183.9,100,3106611913
54730,4996,2.21908e-05,0.992054,2.632e-05,0.397241,0.255319,0.4,5.8,9.7,61.4,195.0,100,3106611913
54732,4942,2.28601e-05,0.99195,2.50514e-05,0.345847,0.311697,0.7,5.6,8.2,58.7,184.0,100,3106611913
54734,5026,2.2972e-05,0.991947,2.57943e-05,0.387556,0.287645,0.9,6.2,8.0,62.9,190.2,100,3106611913
54736,4984,2.31685e-05,0.991839,2.48914e-05,0.259514,0.286623,0.4,4.9,7.3,59.7,191.8,100,3106611913
54738,4934,2.28761e-05,0.991937,2.49943e-05,0.362886,0.291494,0.8,5.7,8.5,58.3,185.3,100,3106611913
54740,5003,2.24169e-05,0.992067,2.55543e-05,0.244666,0.278685,0.3,5.0,7.1,60.0,194.3,100,3106611913
54742,4981,2.21588e-05,0.9921,2.47657e-05,0.294385,0.285813,0.5,5.5,7.0,58.2,188.4,100,3106611913
54744,4945,2.38858e-05,0.991996,2.58171e-05,0.212591,0.274082,0.2,4.9,9.6,57.3,188.9,100,3106611913
54746,4985,2.33444e-05,0.992021,2.536e-05,0.489293,0.269616,0.6,4.6,8.6,58.9,196.2,100,3106611913
54748,4939,2.21405e-05,0.991879,2.53143e-05,0.441611,0.282615,0.9,6.1,6.1,57.8,192.7,100,3106611913
54750,4942,2.33535e-05,0.992054,2.64114e-05,0.215852,0.282656,0.7,4.7,9.0,62.6,194.2,100,3106611913
54752,4968,2.27459e-05,0.992045,2.536e-05,0.308502,0.28485,0.7,5.0,8.5,59.4,187.8,100,3106611913
54754,4956,2.36139e-05,0.992123,2.46171e-05,0.243821,0.340261,0.3,4.8,6.8,57.8,185.7,100,3106611913
54756,4996,2.38492e-05,0.992224,2.49943e-05,0.198255,0.300303,0.6,4.9,7.8,60.0,189.1,100,3106611913
54758,4930,2.3269e-05,0.992176,2.56e-05,0.309217,0.275287,0.5,5.7,6.7,60.2,193.3,100,3106611913
54760,4947,2.30086e-05,0.992084,2.47543e-05,0.433501,0.303228,0.5,4.0,9.1,59.5,191.6,100,3106611913
54762,4958,2.25151e-05,0.992137,2.54057e-05,0.246024,0.296091,0.7,5.3,7.8,59.3,194.4,100,3106611913
54764,4961,2.24146e-05,0.992083,2.52571e-05,0.298416,0.305983,0.5,5.3,6.8,59.5,191.8,100,3106611913
54766,4952,2.20628e-05,0.992179,2.52914e-05,0.177367,0.284103,0.6,4.8,7.6,54.7,194.4,100,3106611913
54768,4987,2.18961e-05,0.992154,2.48229e-05,0.224266,0.296209,0.2,4.3,7.4,56.3,180.6,100,3106611913
54770,4953,2.26888e-05,0.992076,2.55657e-05,0.360727,0.281571,0.5,4.2,7.9,59.7,197.4,100,3106611913
54772,5006,2.22867e-05,0.992078,2.52571e-05,0.536712,0.29147,0.8,6.0,7.8,59.6,201.6,100,3106611913
54774,4967,2.20468e-05,0.992082,2.41829e-05,0.173725,0.321311,0.3,3.8,9.1,60.8,182.5,100,3106611913
54776,5010,2.26545e-05,0.992147,2.41829e-05,0.629827,0.328586,1.1,6.2,7.0,59.8,182.9,100,3106611913
54778,4907,2.36916e-05,0.99218,2.55657e-05,0.271154,0.290372,0.5,5.2,6.9,59.8,194.7,100,3106611913
54780,5003,2.4217e-05,0.991963,2.46286e-05,0.209536,0.286969,0.5,5.2,6.7,58.0,195.1,100,3106611913
54782,4993,2.2506e-05,0.992033,2.52914e-05,0.185829,0.312934,0.7,4.1,7.6,61.8,191.3,100,3106611913
54784,4858,2.22501e-05,0.992022,2.50857e-05,0.296525,0.293051,0.5,4.9,8.1,59.1,192.9,100,3106611913
54786,4945,2.25174e-05,0.992247,2.44343e-05,0.148824,0.315943,0.1,4.4,8.0,62.3,186.9,100,3106611913
54788,4961,2.23484e-05,0.99239,2.50971e-05,0.293065,0.305075,0.6,4.8,7.9,55.9,193.6,100,3106611913
54790,4962,2.30337e-05,0.992348,2.472e-05,0.145212,0.291688,0.2,5.1,7.2,58.4,189.9,100,3106611913
54792,4983,2.26933e-05,0.992274,2.50743e-05,0.345774,0.297638,1.0,4.9,8.7,59.1,191.8,100,3106611913
54794,4941,2.28487e-05,0.992356,2.41829e-05,0.427139,0.313705,0.8,5.3,7.9,60.1,187.7,100,3106611913
54796,4944,2.33033e-05,0.992321,2.60114e-05,0.362003,0.262584,0.5,5.1,8.5,62.0,188.3,100,3106611913
54798,4961,2.30954e-05,0.992204,2.48229e-05,0.399123,0.286483,0.6,5.3,7.8,59.2,197.4,100,3106611913
54800,4969,2.24055e-05,0.992183,2.55886e-05,0.286941,0.306821,0.6,5.2,8.0,57.5,183.5,100,3106611913
54802,5003,2.27664e-05,0.992213,2.52e-05,0.217306,0.287089,0.7,4.5,9.1,58.7,184.9,100,3106611913
54804,4973,2.28852e-05,0.992176,2.53143e-05,0.336389,0.287084,0.3,4.0,7.0,62.7,189.9,100,3106611913
54806,4947,2.22684e-05,0.992121,2.57943e-05,0.160564,0.280375,0.2,5.2,8.4,59.9,189.2,100,3106611913
54808,4947,2.30611e-05,0.992172,2.52114e-05,0.160541,0.271086,0.3,3.9,7.5,60.4,194.7,100,3106611913
54810,4910,2.21976e-05,0.992284,2.51886e-05,0.180561,0.305874,0.3,4.7,9.6,60.9,186.5,100,3106611913
54812,4963,2.17407e-05,0.992306,2.57829e-05,0.255798,0.295577,0.4,4.1,8.1,58.4,191.8,100,3106611913
54814,4956,2.25425e-05,0.992289,2.57029e-05,0.324062,0.289343,0.6,5.6,8.6,59.9,186.5,100,3106611913
54816,4986,2.32302e-05,0.992379,2.49371e-05,0.269135,0.292385,0.4,4.6,7.7,60.5,183.3,100,3106611913
54818,4932,2.23781e-05,0.992307,2.54514e-05,0.180154,0.308498,0.4,4.5,7.6,61.1,187.4,100,3106611913
54820,4995,2.23781e-05,0.992237,2.49829e-05,0.275103,0.273146,0.4,5.4,7.6,59.8,188.6,100,3106611913
54822,4995,2.30223e-05,0.992341,2.45257e-05,0.189465,0.303445,0.4,4.5,6.8,58.1,188.9,100,3106611913
54824,4959,2.30543e-05,0.992242,2.504e-05,0.206674,0.312846,0.6,4.9,8.4,56.5,188.2,100,3106611913
54826,4944,2.24352e-05,0.992269,2.53371e-05,0.24938,0.300575,0.4,3.2,8.1,66.7,190.1,100,3106611913
54828,4936,2.26842e-05,0.992247,2.51086e-05,0.13997,0.297724,0.3,4.1,6.0,57.4,191.0,100,3106611913
54830,4923,2.25129e-05,0.992358,2.44343e-05,0.168275,0.282136,0.4,4.2,6.1,56.7,189.3,100,3106611913
54832,4966,2.28669e-05,0.992366,2.57257e-05,0.299049,0.278953,0.5,4.8,7.9,58.9,197.6,100,3106611913
54834,4901,2.26248e-05,0.992283,2.40457e-05,0.30815,0.285977,0.7,4.2,6.4,57.2,188.5,100,3106611913
54836,4995,2.32576e-05,0.99222,2.42629e-05,0.370317,0.307504,1.1,5.7,8.3,55.7,185.9,100,3106611913
54838,5001,2.24169e-05,0.992403,2.47314e-05,0.373983,0.296959,0.7,5.7,7.9,58.9,189.4,100,3106611913
54840,4995,2.27596e-05,0.992312,2.49714e-05,0.171158,0.283914,0.2,4.8,7.7,57.6,193.2,100,3106611913
54842,5000,2.16425e-05,0.992256,2.54171e-05,0.440495,0.287479,0.7,5.5,7.1,62.4,195.3,100,3106611913
54844,5017,2.22981e-05,0.992338,2.59886e-05,0.255495,0.252939,0.7,6.0,8.8,59.6,198.1,100,3106611913
54846,4943,2.21473e-05,0.992326,2.52686e-05,0.395331,0.304157,0.9,4.3,8.6,59.8,187.3,100,3106611913
54848,4969,2.23187e-05,0.992358,2.568e-05,0.362127,0.269132,0.6,4.6,8.6,59.3,193.4,100,3106611913
54850,4937,2.14255e-05,0.992267,2.6e-05,0.199959,0.276421,0.2,5.3,9.0,60.3,190.1,100,3106611913
54852,4930,2.22935e-05,0.992245,2.49371e-05,0.152822,0.325906,0.3,4.2,7.1,59.8,190.1,100,3106611913
54854,4844,2.2458e-05,0.992289,2.46171e-05,0.236132,0.27244,0.4,3.8,7.2,57.9,186.5,100,3106611913
54856,4930,2.24215e-05,0.992216,2.51657e-05,0.201227,0.280602,0.3,2.4,7.9,61.3,189.7,100,3106611913
54858,4956,2.25494e-05,0.992147,2.51771e-05,0.358726,0.319129,0.9,4.5,7.2,60.3,190.2,100,3106611913
54860,4972,2.2458e-05,0.992204,2.53371e-05,0.327214,0.278052,0.9,5.5,7.0,61.4,194.0,100,3106611913
54862,5032,2.27664e-05,0.992134,2.54286e-05,0.232508,0.276819,0.6,5.2,9.4,61.1,188.1,100,3106611913
54864,4924,2.29492e-05,0.992058,2.50629e-05,0.1786,0.300112,0.4,4.1,7.8,57.7,187.6,100,3106611913
54866,4980,2.24717e-05,0.992039,2.56229e-05,0.201789,0.295583,0.3,4.8,7.3,61.3,189.7,100,3106611913
54868,4918,2.33512e-05,0.992072,2.536e-05,0.191717,0.297826,0.5,4.7,6.3,59.6,187.3,100,3106611913
54870,4982,2.2755e-05,0.992091,2.424e-05,0.183759,0.303005,0.4,4.7,7.5,60.1,185.6,100,3106611913
54872,4985,2.15671e-05,0.992219,2.52571e-05,0.342782,0.270529,0.8,5.0,8.0,61.2,190.0,100,3106611913
54874,5002,2.26705e-05,0.992329,2.54629e-05,0.151856,0.27088,0.1,5.2,7.6,57.5,188.9,100,3106611913
54876,4933,2.26888e-05,0.992296,2.51314e-05,0.156638,0.295385,0.2,4.5,8.6,57.7,183.9,100,3106611913
54878,4942,2.19532e-05,0.992289,2.57143e-05,0.21534,0.281455,0.5,6.3,8.4,60.5,190.6,100,3106611913
54880,4932,2.204e-05,0.992235,2.45257e-05,0.196724,0.290915,0.4,5.2,7.3,60.8,185.1,100,3106611913
54882,4884,2.28624e-05,0.992203,2.48571e-05,0.13597,0.308634,0.2,4.0,6.3,58.9,189.4,100,3106611913
54884,4963,2.32736e-05,0.992165,2.55086e-05,0.170284,0.299217,0.3,4.1,8.9,62.8,189.7,100,3106611913
54886,5002,2.20057e-05,0.992182,2.48914e-05,0.324295,0.31168,0.6,5.1,9.3,58.1,184.4,100,3106611913
54888,4946,2.28966e-05,0.991972,2.53257e-05,0.185625,0.29086,0.3,4.7,6.9,57.6,190.3,100,3106611913
54890,4967,2.22456e-05,0.991966,2.57029e-05,0.377552,0.280136,0.5,4.8,8.2,57.9,192.8,100,3106611913
54892,4927,2.25654e-05,0.991856,2.50171e-05,0.28314,0.299199,0.4,4.9,8.4,58.0,185.6,100,3106611913
54894,4913,2.2988e-05,0.99179,2.49943e-05,0.160531,0.296922,0.2,4.6,7.2,61.2,184.9,100,3106611913
54896,4988,2.24238e-05,0.991845,2.50514e-05,0.237246,0.299643,0.3,4.1,8.4,56.3,186.8,100,3106611913
54898,4943,2.27573e-05,0.991828,2.53029e-05,0.261745,0.278264,0.3,4.6,8.5,60.5,192.3,100,3106611913
54900,4943,2.28898e-05,0.991821,2.42971e-05,0.162167,0.322447,0.4,4.0,7.6,59.4,189.4,100,3106611913
54902,4957,2.34152e-05,0.991734,2.60914e-05,0.444318,0.241715,0.8,6.1,7.5,60.2,192.7,100,3106611913
54904,4934,2.2835e-05,0.991938,2.48571e-05,0.38993,0.27856,0.5,5.7,9.4,58.6,189.2,100,3106611913
54906,4944,2.31593e-05,0.991892,2.47314e-05,0.446777,0.317198,0.7,6.5,7.0,55.4,185.6,100,3106611913
54908,4973,2.25288e-05,0.992044,2.45829e-05,0.193115,0.301568,0.1,5.9,8.6,59.1,186.9,100,3106611913
54910,4882,2.2803e-05,0.991858,2.50743e-05,0.275025,0.300455,0.5,4.7,7.2,58.0,192.8,100,3106611913
54912,5021,2.24717e-05,0.991958,2.56343e-05,0.18932,0.283682,0.5,4.3,9.2,60.5,183.0,100,3106611913
54914,4991,2.32804e-05,0.991943,2.48e-05,0.195818,0.329219,0.4,5.2,7.6,57.8,188.9,100,3106611913
54916,4978,2.28761e-05,0.991939,2.54171e-05,0.35113,0.308866,0.5,4.2,7.3,64.2,189.9,100,3106611913
54918,4949,2.28601e-05,0.99215,2.46286e-05,0.31577,0.300478,1.0,4.2,8.7,56.8,186.7,100,3106611913
54920,4932,2.2707e-05,0.99215,2.57257e-05,0.264401,0.273524,0.6,6.5,9.9,61.2,190.3,100,3106611913
54922,4881,2.24603e-05,0.992126,2.52e-05,0.184967,0.277677,0.3,4.7,6.1,55.9,191.8,100,3106611913
54924,5037,2.30406e-05,0.992042,2.55771e-05,0.175133,0.282939,0.3,4.4,10.0,59.9,185.4,100,3106611913
54926,4887,2.23758e-05,0.991842,2.552e-05,0.161315,0.274385,0.2,3.8,7.7,62.2,189.1,100,3106611913
54928,4982,2.28555e-05,0.991869,2.50743e-05,0.161184,0.30921,0.3,4.3,8.1,61.4,183.1,100,3106611913
54930,4978,2.26842e-05,0.991851,2.57714e-05,0.218682,0.284955,0.9,5.5,7.6,59.5,190.9,100,3106611913
54932,4941,2.28327e-05,0.991863,2.43314e-05,0.387647,0.322425,0.6,4.5,7.1,56.7,186.1,100,3106611913
54934,4926,2.24946e-05,0.991853,2.50971e-05,0.206019,0.288073,0.5,4.8,8.0,61.5,190.0,100,3106611913
54936,5006,2.31776e-05,0.991953,2.46743e-05,0.20075,0.292935,0.4,5.0,8.4,60.8,183.1,100,3106611913
54938,4972,2.3052e-05,0.991908,2.544e-05,0.22474,0.274525,0.4,5.4,7.9,61.7,185.0,100,3106611913
54940,4967,2.24535e-05,0.992009,2.59771e-05,0.196863,0.257822,0.4,5.0,6.6,60.6,194.2,100,3106611913
54942,4967,2.17521e-05,0.992049,2.51429e-05,0.14714,0.286214,0.3,4.0,8.6,60.6,194.5,100,3106611913
54944,4998,2.33352e-05,0.992028,2.56571e-05,0.315607,0.284394,0.6,6.2,8.4,60.1,194.2,100,3106611913
54946,4996,2.2522e-05,0.992108,2.512e-05,0.214986,0.285582,0.7,4.6,8.3,65.4,188.4,100,3106611913
54948,4960,2.26659e-05,0.992122,2.49371e-05,0.220513,0.282495,0.4,5.7,8.9,60.9,182.1,100,3106611913
54950,5022,2.22456e-05,0.992066,2.62171e-05,0.225631,0.272221,0.6,4.8,8.0,60.4,188.7,100,3106611913
54952,4928,2.22456e-05,0.992007,2.528e-05,0.117955,0.281084,0.0,3.1,9.7,58.6,189.5,100,3106611913
54954,4982,2.23484e-05,0.991849,2.50743e-05,0.368452,0.295673,0.8,5.7,9.4,60.2,183.7,100,3106611913
54956,4966,2.24238e-05,0.991945,2.55314e-05,0.31042,0.269624,0.6,4.3,8.6,63.5,187.3,100,3106611913
54958,4940,2.30702e-05,0.992015,2.58629e-05,0.215302,0.262081,0.4,5.1,7.1,61.0,185.3,100,3106611913
54960,4962,2.27253e-05,0.991964,2.53486e-05,0.235091,0.261431,0.3,4.3,9.5,60.8,185.5,100,3106611913
54962,4912,2.32987e-05,0.99192,2.49486e-05,0.163698,0.309635,0.4,4.0,8.4,57.0,189.3,100,3106611913
54964,4972,2.25494e-05,0.992043,2.60114e-05,0.220929,0.262582,0.3,4.9,9.0,60.6,192.5,100,3106611913
54966,4961,2.22022e-05,0.992015,2.464e-05,0.178844,0.300439,0.4,4.5,8.5,56.6,181.8,100,3106611913
54968,4947,2.23872e-05,0.992025,2.472e-05,0.270758,0.294461,0.5,4.8,8.4,59.9,186.8,100,3106611913
54970,4984,2.23986e-05,0.992054,2.48457e-05,0.293503,0.305122,0.6,4.8,6.5,61.1,181.8,100,3106611913
54972,4986,2.32507e-05,0.992112,2.54514e-05,0.30041,0.278537,0.7,4.1,9.5,64.5,188.0,100,3106611913
54974,4962,2.24717e-05,0.991985,2.61029e-05,0.253084,0.253457,0.3,4.6,8.3,62.3,190.6,100,3106611913
54976,4930,2.29789e-05,0.992046,2.54057e-05,0.152855,0.269622,0.4,4.4,8.2,57.5,189.0,100,3106611913
54978,4945,2.3566e-05,0.992036,2.55314e-05,0.26545,0.28042,0.5,4.6,8.3,60.4,186.9,100,3106611913
54980,4956,2.2988e-05,0.991947,2.46286e-05,0.271661,0.291875,0.4,5.7,7.5,58.5,185.3,100,3106611913
54982,4972,2.32416e-05,0.991961,2.552e-05,0.28227,0.252278,0.4,4.5,8.6,59.7,191.0,100,3106611913
54984,4959,2.2972e-05,0.991985,2.58171e-05,0.291694,0.268771,0.5,4.3,7.2,57.5,193.5,100,3106611913
54986,4938,2.19577e-05,0.992053,2.56571e-05,0.358248,0.270315,0.6,4.4,7.9,62.7,188.3,100,3106611913
54988,5040,2.22684e-05,0.992102,2.632e-05,0.303489,0.283828,0.6,5.2,8.9,59.7,187.0,100,3106611913
54990,4985,2.34997e-05,0.992059,2.49143e-05,0.157188,0.283761,0.2,4.9,8.5,56.3,194.1,100,3106611913
54992,4953,2.30474e-05,0.991999,2.62857e-05,0.158569,0.2689,0.2,3.9,9.3,61.3,194.0,100,3106611913
54994,4978,2.32941e-05,0.99198,2.47771e-05,0.262273,0.300715,0.5,4.4,7.1,58.4,191.4,100,3106611913
54996,4900,2.32279e-05,0.991848,2.536e-05,0.280878,0.281812,0.5,5.5,8.2,59.6,195.6,100,3106611913
54998,5004,2.31639e-05,0.991994,2.53714e-05,0.393552,0.283601,0.8,3.8,9.1,60.7,190.6,100,3106611913
55000,4940,2.29149e-05,0.991941,2.50171e-05,0.317922,0.267929,0.5,6.1,7.1,56.9,186.8,100,3106611913
55002,2018,2.16471e-05,0.991915,2.53371e-05,0.188017,0.270578,0.4,5.3,9.1,61.8,187.1,100,3106611913
55004,2005,2.3703e-05,0.992077,2.56686e-05,0.421342,0.315492,0.6,5.7,7.4,59.8,189.9,100,3106611913
55006,2029,2.30497e-05,0.992212,2.45714e-05,0.237008,0.317508,0.3,3.4,8.1,59.7,187.0,100,3106611913
55008,1970,2.25357e-05,0.992022,2.51086e-05,0.157801,0.297467,0.3,4.2,8.9,57.9,195.1,100,3106611913
55010,1978,2.27139e-05,0.992171,2.53143e-05,0.43337,0.27123,0.8,5.6,6.0,64.2,185.5,100,3106611913
55012,1988,2.20628e-05,0.992228,2.52229e-05,0.241766,0.290086,0.2,4.7,8.2,56.7,190.3,100,3106611913
55014,1985,2.29469e-05,0.992078,2.58629e-05,0.204687,0.252833,0.5,5.2,8.1,59.1,192.7,100,3106611913
55016,1960,2.30268e-05,0.99221,2.47771e-05,0.37191,0.290106,0.7,3.8,9.2,62.4,184.1,100,3106611913
55018,1936,2.29674e-05,0.992269,2.52e-05,0.446807,0.283567,0.4,5.0,6.7,57.0,187.0,100,3106611913
55020,1988,2.18801e-05,0.992329,2.448e-05,0.244527,0.294118,0.3,4.1,7.9,56.8,186.3,100,3106611913
55022,1952,2.3301e-05,0.992264,2.53029e-05,0.101746,0.282888,0.1,2.8,7.7,55.3,192.3,100,3106611913
55024,1988,2.2257e-05,0.992283,2.53714e-05,0.343689,0.288987,0.9,5.0,9.5,62.4,188.8,100,3106611913
55026,1961,2.29652e-05,0.992283,2.57143e-05,0.238266,0.273085,0.6,5.4,8.1,57.1,183.4,100,3106611913
55028,1965,2.19235e-05,0.992275,2.488e-05,0.304401,0.292779,0.5,4.8,6.2,59.2,185.1,100,3106611913
55030,2021,2.28372e-05,0.992268,2.62514e-05,0.4169,0.274316,0.9,4.9,7.3,61.2,190.6,100,3106611913
55032,2026,2.23027e-05,0.992089,2.50629e-05,0.207642,0.272016,0.4,4.5,8.3,57.2,197.0,100,3106611913
55034,2022,2.23826e-05,0.991922,2.50514e-05,0.267901,0.297917,0.4,4.5,9.5,59.5,184.9,100,3106611913
55036,1969,2.28989e-05,0.992022,2.55886e-05,0.302787,0.282766,0.5,4.5,7.7,58.7,189.7,100,3106611913
55038,1978,2.29971e-05,0.992141,2.50629e-05,0.33776,0.272794,0.5,4.2,7.4,58.0,191.3,100,3106611913
55040,1985,2.24192e-05,0.992104,2.55543e-05,0.170962,0.264408,0.4,4.9,7.8,58.7,181.9,100,3106611913
55042,1989,2.30246e-05,0.992185,2.40229e-05,0.269786,0.334222,0.5,4.0,6.9,59.4,185.1,100,3106611913
55044,2012,2.30977e-05,0.992216,2.45943e-05,0.264953,0.314535,1.1,4.6,8.6,57.7,186.9,100,3106611913
55046,1977,2.27413e-05,0.992068,2.54514e-05,0.30866,0.285736,0.5,4.9,9.8,59.0,188.2,100,3106611913
55048,1987,2.29012e-05,0.992128,2.48e-05,0.204121,0.300763,0.4,4.6,8.6,58.1,180.3,100,3106611913
55050,2029,2.30885e-05,0.992091,2.49486e-05,0.490509,0.276348,0.8,5.2,8.6,59.3,186.2,100,3106611913
55052,1971,2.3068e-05,0.991865,2.56114e-05,0.212621,0.268253,0.6,5.4,7.7,57.8,187.9,100,3106611913
55054,1999,2.25083e-05,0.992006,2.53029e-05,0.24194,0.2748,0.2,4.1,9.5,57.2,189.3,100,3106611913
55056,2010,2.27093e-05,0.991768,2.52229e-05,0.191744,0.277423,0.2,5.2,8.8,54.5,185.5,100,3106611913
55058,1984,2.25106e-05,0.99211,2.50743e-05,0.516017,0.305274,1.0,5.5,8.6,59.8,182.8,100,3106611913
55060,2004,2.24192e-05,0.992213,2.50514e-05,0.462387,0.305578,0.6,4.4,9.2,56.0,188.0,100,3106611913
55062,1980,2.24146e-05,0.992025,2.47886e-05,0.33412,0.283471,0.7,4.6,8.1,57.4,183.3,100,3106611913
55064,1989,2.29492e-05,0.992186,2.45486e-05,0.280912,0.316071,0.4,4.5,7.9,59.8,184.8,100,3106611913
55066,1985,2.29674e-05,0.992122,2.58171e-05,0.173792,0.249771,0.5,4.1,8.1,62.3,188.2,100,3106611913
55068,1987,2.2257e-05,0.992026,2.51771e-05,0.204754,0.310374,0.5,5.0,8.0,63.4,180.5,100,3106611913
55070,1941,2.23986e-05,0.992034,2.528e-05,0.303139,0.267814,0.7,4.5,9.9,62.3,182.1,100,3106611913
55072,1997,2.32324e-05,0.991871,2.544e-05,0.271936,0.248359,0.4,4.4,8.8,55.2,191.9,100,3106611913
55074,2009,2.30497e-05,0.991915,2.45029e-05,0.236398,0.301667,0.2,3.7,10.0,58.5,183.3,100,3106611913
55076,2004,2.3004e-05,0.991898,2.48571e-05,0.395262,0.292054,0.7,3.7,8.4,62.7,176.6,100,3106611913
55078,1972,2.26842e-05,0.991771,2.53714e-05,0.274007,0.304178,0.7,5.9,8.2,60.6,190.9,100,3106611913
55080,1999,2.2956e-05,0.991807,2.60343e-05,0.436503,0.260258,0.8,5.1,10.1,58.5,187.1,100,3106611913
55082,1997,2.29446e-05,0.991566,2.54629e-05,0.397449,0.262082,0.8,4.7,9.1,55.2,187.8,100,3106611913
55084,1973,2.21611e-05,0.991512,2.52571e-05,0.359773,0.28888,0.7,3.7,10.2,58.9,190.6,100,3106611913
55086,1994,2.30131e-05,0.991452,2.48686e-05,0.297591,0.28349,0.5,5.0,9.3,57.8,182.2,100,3106611913
55088,2017,2.27139e-05,0.991559,2.53371e-05,0.198509,0.293667,0.2,5.2,8.3,57.8,190.6,100,3106611913
55090,1986,2.34061e-05,0.991477,2.48114e-05,0.396765,0.301266,0.8,4.5,9.6,59.4,180.3,100,3106611913
55092,1998,2.2257e-05,0.991584,2.50514e-05,0.27957,0.302066,0.8,3.8,8.0,58.0,188.1,100,3106611913
55094,1962,2.29537e-05,0.991771,2.56229e-05,0.199079,0.285323,0.6,6.3,8.6,58.2,188.9,100,3106611913
55096,2004,2.30611e-05,0.991613,2.48229e-05,0.153049,0.281216,0.3,4.2,8.0,57.0,193.1,100,3106611913
55098,1995,2.18915e-05,0.991985,2.61943e-05,0.353958,0.264155,0.8,6.0,9.4,57.3,189.2,100,3106611913
55100,1994,2.3004e-05,0.992076,2.53371e-05,0.453395,0.289136,0.7,4.2,7.9,59.1,185.6,100,3106611913
55102,2005,2.29081e-05,0.992191,2.48571e-05,0.216464,0.307766,0.3,5.5,9.5,55.8,186.8,100,3106611913
55104,2003,2.27756e-05,0.992234,2.45714e-05,0.158046,0.309172,0.5,3.7,7.5,55.5,185.4,100,3106611913
55106,1932,2.21702e-05,0.992392,2.43543e-05,0.359207,0.299052,0.6,3.7,8.0,55.0,187.2,100,3106611913
55108,1955,2.12039e-05,0.992484,2.42171e-05,0.467197,0.291681,0.6,4.6,8.4,60.3,190.1,100,3106611913
55110,1983,2.26865e-05,0.992326,2.53257e-05,0.378474,0.29194,0.7,4.2,9.1,62.0,191.6,100,3106611913
55112,1997,2.18458e-05,0.992339,2.50171e-05,0.363582,0.298494,0.4,4.0,6.2,63.2,182.8,100,3106611913
55114,1978,2.33627e-05,0.992433,2.48914e-05,0.382556,0.289744,0.6,4.8,8.9,62.0,183.1,100,3106611913
55116,2006,2.26476e-05,0.992123,2.53371e-05,0.502256,0.287681,0.7,4.4,9.4,60.3,190.5,100,3106611913
55118,1991,2.23735e-05,0.992067,2.56114e-05,0.275827,0.288043,0.5,4.6,8.2,57.6,191.9,100,3106611913
55120,2023,2.19052e-05,0.991936,2.49829e-05,0.122266,0.303345,0.1,3.7,8.1,60.2,186.2,100,3106611913
55122,1992,2.26682e-05,0.991949,2.54971e-05,0.239714,0.270676,0.2,4.6,8.3,58.7,192.6,100,3106611913
55124,1997,2.23941e-05,0.991866,2.46629e-05,0.166362,0.320828,0.1,4.9,7.8,56.5,181.0,100,3106611913
55126,1963,2.12107e-05,0.991897,2.48e-05,0.340385,0.304158,0.5,4.7,7.0,58.8,187.5,100,3106611913
55128,2007,2.26842e-05,0.99199,2.56914e-05,0.210682,0.293601,0.3,5.1,10.9,59.2,184.2,100,3106611913
55130,2017,2.22159e-05,0.991982,2.43314e-05,0.258679,0.319421,0.7,3.2,8.4,59.4,182.3,100,3106611913
55132,1990,2.18961e-05,0.991851,2.48571e-05,0.145017,0.332865,0.1,3.4,7.5,58.5,186.4,100,3106611913
55134,1965,2.27824e-05,0.991749,2.52343e-05,0.472116,0.274348,0.8,3.3,9.6,56.5,186.9,100,3106611913
55136,2004,2.26248e-05,0.991878,2.47429e-05,0.115669,0.294102,0.2,2.8,7.8,60.0,185.7,100,3106611913
55138,1961,2.19874e-05,0.991924,2.51657e-05,0.320079,0.304289,0.6,5.3,8.7,61.8,188.3,100,3106611913
55140,1997,2.22547e-05,0.991918,2.576e-05,0.254626,0.304777,0.3,4.5,7.5,62.6,189.2,100,3106611913
55142,1978,2.2177e-05,0.991888,2.47429e-05,0.462668,0.27782,0.7,4.4,8.6,58.9,185.0,100,3106611913
55144,1959,2.32324e-05,0.992109,2.44914e-05,0.473435,0.293193,0.6,4.6,9.3,63.7,188.0,100,3106611913
55146,1971,2.26179e-05,0.992129,2.46514e-05,0.282746,0.291734,0.5,4.9,7.8,59.4,185.6,100,3106611913
55148,1974,2.20994e-05,0.992168,2.53029e-05,0.260448,0.275556,0.5,4.0,10.0,59.7,184.5,100,3106611913
55150,2018,2.19463e-05,0.992212,2.51886e-05,0.190629,0.269474,0.3,4.9,9.8,56.2,190.2,100,3106611913
55152,1977,2.21611e-05,0.992197,2.46629e-05,0.179323,0.285315,0.4,4.8,7.3,65.0,189.2,100,3106611913
55154,1995,2.21748e-05,0.99201,2.48686e-05,0.274229,0.303168,0.4,4.5,8.5,60.1,182.6,100,3106611913
55156,1962,2.24877e-05,0.991988,2.544e-05,0.224967,0.27645,0.6,5.1,9.0,61.6,178.9,100,3106611913
55158,1955,2.29812e-05,0.991825,2.47886e-05,0.147666,0.315813,0.4,3.9,7.6,67.4,188.5,100,3106611913
55160,1985,2.22113e-05,0.991752,2.48229e-05,0.319266,0.301058,0.3,4.2,9.0,61.6,178.8,100,3106611913
55162,1985,2.204e-05,0.991905,2.50743e-05,0.20773,0.32828,0.5,4.1,7.4,60.3,188.8,100,3106611913
55164,1957,2.24466e-05,0.991784,2.51657e-05,0.232124,0.292852,0.5,5.4,8.1,63.3,186.2,100,3106611913
55166,2000,2.18527e-05,0.991846,2.59657e-05,0.399306,0.296763,0.5,5.3,8.6,65.7,191.5,100,3106611913
55168,1984,2.25882e-05,0.991731,2.52571e-05,0.355715,0.299588,0.7,5.5,9.7,61.2,189.1,100,3106611913
55170,1955,2.26271e-05,0.991806,2.53943e-05,0.424161,0.291391,1.4,5.1,8.2,60.4,190.6,100,3106611913
55172,1974,2.39223e-05,0.991995,2.45714e-05,0.411568,0.297623,0.4,4.1,6.7,55.8,184.7,100,3106611913
55174,1973,2.22616e-05,0.992044,2.52914e-05,0.347111,0.297117,0.4,4.4,8.3,61.7,184.5,100,3106611913
55176,1977,2.35568e-05,0.992117,2.536e-05,0.201668,0.287432,0.5,4.4,9.4,62.8,189.5,100,3106611913
55178,1985,2.26316e-05,0.992087,2.56457e-05,0.154475,0.272169,0.3,4.2,9.3,59.7,184.6,100,3106611913
55180,1985,2.15488e-05,0.99209,2.48343e-05,0.182551,0.321985,0.5,4.3,7.7,61.0,186.3,100,3106611913
55182,1950,2.26065e-05,0.992051,2.55429e-05,0.303091,0.311287,0.6,4.7,7.3,63.1,187.1,100,3106611913
55184,1973,2.24946e-05,0.992092,2.55086e-05,0.398977,0.271382,0.6,5.8,6.6,57.9,190.3,100,3106611913
55186,1986,2.196e-05,0.992061,2.46629e-05,0.27154,0.302997,0.4,4.7,8.0,59.2,182.7,100,3106611913
55188,1991,2.18846e-05,0.99221,2.43086e-05,0.143945,0.321287,0.3,3.7,6.5,61.7,187.8,100,3106611913
55190,1978,2.22159e-05,0.991933,2.50857e-05,0.394788,0.298614,0.5,4.8,6.8,61.3,188.0,100,3106611913
55192,1958,2.25608e-05,0.992013,2.53257e-05,0.228163,0.295251,0.7,4.7,7.3,58.4,188.5,100,3106611913
55194,2006,2.26362e-05,0.99181,2.40686e-05,0.158348,0.329274,0.4,3.7,9.0,56.8,186.1,100,3106611913
55196,2027,2.31639e-05,0.991803,2.43771e-05,0.175708,0.292458,0.3,4.7,8.5,57.3,187.4,100,3106611913
55198,1996,2.28669e-05,0.991954,2.44914e-05,0.228797,0.315385,0.5,4.7,7.3,59.6,187.1,100,3106611913
55200,1978,2.23415e-05,0.991979,2.528e-05,0.336385,0.297249,0.9,4.7,8.6,59.9,189.9,100,3106611913
55202,1962,2.22913e-05,0.991923,2.56571e-05,0.174898,0.297782,0.2,4.7,8.3,63.8,187.7,100,3106611913
55204,2000,2.27367e-05,0.991861,2.50171e-05,0.221377,0.2934,0.6,4.3,8.0,59.3,188.5,100,3106611913
55206,1983,2.21199e-05,0.991809,2.57486e-05,0.152081,0.275731,0.2,4.2,8.2,58.1,190.1,100,3106611913
55208,1984,2.30291e-05,0.991643,2.49829e-05,0.185149,0.310556,0.3,3.5,8.7,58.0,190.3,100,3106611913
55210,1999,2.22022e-05,0.991647,2.44571e-05,0.16325,0.314772,0.3,4.4,8.9,60.1,187.7,100,3106611913
55212,1965,2.31182e-05,0.991651,2.53714e-05,0.451987,0.285239,1.4,5.1,6.8,60.1,187.0,100,3106611913
55214,1998,2.35888e-05,0.991559,2.46971e-05,0.255928,0.305828,0.2,4.9,6.9,62.0,187.5,100,3106611913
55216,1990,2.23689e-05,0.991673,2.53371e-05,0.211767,0.295937,0.3,4.4,8.1,59.9,189.2,100,3106611913
55218,1963,2.21085e-05,0.991913,2.57486e-05,0.399664,0.295899,0.4,6.1,7.7,60.3,188.4,100,3106611913
55220,1977,2.17042e-05,0.991821,2.57943e-05,0.215986,0.28797,0.5,5.1,10.0,63.7,190.0,100,3106611913
55222,2005,2.28235e-05,0.991957,2.49943e-05,0.297986,0.276983,0.6,5.5,8.0,59.9,188.6,100,3106611913
55224,2008,2.17339e-05,0.99204,2.528e-05,0.236157,0.305673,0.1,4.5,8.3,56.4,185.9,100,3106611913
55226,1987,2.15534e-05,0.991727,2.47771e-05,0.169163,0.298226,0.3,4.5,8.3,58.1,186.7,100,3106611913
55228,1963,2.28784e-05,0.991704,2.46171e-05,0.189509,0.306212,0.5,4.5,6.6,56.5,188.5,100,3106611913
55230,1988,2.26225e-05,0.991879,2.47543e-05,0.185403,0.28941,0.6,3.8,7.1,58.7,190.6,100,3106611913
55232,1952,2.22204e-05,0.991549,2.44457e-05,0.15913,0.280136,0.3,4.5,9.0,61.1,185.2,100,3106611913
55234,1978,2.16105e-05,0.991616,2.29029e-05,0.579734,0.359266,0.8,5.3,8.6,59.7,180.3,100,3106611913
55236,1976,2.25905e-05,0.991677,2.58629e-05,0.297902,0.282827,0.6,4.6,9.4,63.9,189.6,100,3106611913
55238,1975,2.29469e-05,0.991696,2.39429e-05,0.172565,0.335783,0.2,4.4,9.5,57.2,184.5,100,3106611913
55240,1966,2.355e-05,0.991732,2.504e-05,0.146099,0.297071,0.1,4.7,8.1,60.4,193.6,100,3106611913
55242,1989,2.19806e-05,0.991964,2.47886e-05,0.159938,0.316284,0.5,3.7,9.2,61.3,185.6,100,3106611913
55244,1942,2.21679e-05,0.991935,2.53143e-05,0.165685,0.30783,0.1,4.8,8.6,56.3,188.5,100,3106611913
55246,2005,2.29218e-05,0.991964,2.57943e-05,0.170029,0.29269,0.3,4.8,8.1,60.4,194.8,100,3106611913
55248,2022,2.26202e-05,0.991947,2.48229e-05,0.191084,0.282528,0.3,4.3,8.8,59.4,189.5,100,3106611913
55250,1983,2.27162e-05,0.992052,2.51771e-05,0.413632,0.299749,0.5,5.0,9.4,58.4,190.3,100,3106611913
55252,1956,2.28647e-05,0.991934,2.53943e-05,0.295034,0.303347,0.5,4.2,9.1,60.7,183.1,100,3106611913
55254,2028,2.29012e-05,0.992062,2.47314e-05,0.173583,0.313468,0.3,4.5,9.9,59.1,187.5,100,3106611913
55256,1982,2.20149e-05,0.99181,2.50743e-05,0.223467,0.297492,0.7,4.7,8.4,61.5,185.8,100,3106611913
55258,1995,2.16585e-05,0.991726,2.48571e-05,0.275412,0.288957,0.6,4.7,8.3,62.3,191.7,100,3106611913
55260,1976,2.2755e-05,0.991647,2.54057e-05,0.168912,0.278416,0.3,4.9,8.2,60.6,188.0,100,3106611913
55262,2056,2.26042e-05,0.991708,2.47771e-05,0.399031,0.2932,0.8,4.8,7.7,60.4,187.5,100,3106611913
55264,1976,2.26042e-05,0.991942,2.51543e-05,0.249954,0.312689,0.3,4.2,8.9,58.3,187.0,100,3106611913
55266,2004,2.18846e-05,0.992028,2.53714e-05,0.355875,0.282654,0.4,4.8,8.8,59.4,195.4,100,3106611913
55268,1983,2.28395e-05,0.99198,2.46171e-05,0.325043,0.297681,0.3,3.2,7.9,60.9,188.7,100,3106611913
55270,1941,2.23644e-05,0.991781,2.408e-05,0.1523,0.340735,0.3,4.0,8.5,56.4,184.5,100,3106611913
55272,2032,2.21633e-05,0.991829,2.43657e-05,0.320174,0.30633,0.8,4.6,8.2,59.8,188.0,100,3106611913
55274,1965,2.22524e-05,0.991877,2.45143e-05,0.16808,0.29465,0.3,4.1,8.1,55.0,182.8,100,3106611913
55276,1993,2.26019e-05,0.992043,2.37943e-05,0.245331,0.338047,0.1,4.7,8.8,57.4,184.4,100,3106611913
55278,2003,2.18641e-05,0.991937,2.40914e-05,0.177869,0.318833,0.3,4.2,8.3,65.1,190.0,100,3106611913
55280,1971,2.25768e-05,0.992191,2.53829e-05,0.289507,0.29047,0.6,4.4,8.8,63.3,190.1,100,3106611913
55282,1967,2.25837e-05,0.992071,2.41829e-05,0.15243,0.295942,0.3,4.1,8.5,59.2,185.8,100,3106611913
55284,1984,2.21885e-05,0.992153,2.56914e-05,0.216794,0.276226,0.5,5.0,7.4,57.7,194.4,100,3106611913
55286,1991,2.24375e-05,0.992223,2.50857e-05,0.191944,0.265105,0.1,5.2,8.7,61.4,186.8,100,3106611913
55288,1972,2.25837e-05,0.99193,2.58057e-05,0.239753,0.267617,0.3,4.3,10.0,61.9,193.0,100,3106611913
55290,2011,2.25837e-05,0.991945,2.46057e-05,0.162141,0.314741,0.2,4.3,9.2,58.4,190.4,100,3106611913
55292,1977,2.23712e-05,0.991847,2.41943e-05,0.206526,0.298713,0.1,3.2,8.8,62.4,190.3,100,3106611913
55294,1994,2.27641e-05,0.991971,2.56e-05,0.215178,0.275572,0.3,4.3,9.4,58.8,190.9,100,3106611913
55296,1993,2.18115e-05,0.991891,2.49486e-05,0.238224,0.289844,0.1,3.7,8.5,59.6,191.5,100,3106611913
55298,1979,2.18961e-05,0.991866,2.53829e-05,0.167539,0.260653,0.1,5.0,7.2,62.3,185.3,100,3106611913
55300,1980,2.2241e-05,0.991813,2.488e-05,0.174997,0.278346,0.2,4.5,8.1,62.2,192.0,100,3106611913
55302,1985,2.2426e-05,0.992068,2.45943e-05,0.302673,0.322303,0.9,4.1,7.7,61.1,194.2,100,3106611913
55304,1995,2.27116e-05,0.992078,2.47771e-05,0.220919,0.301402,0.5,4.8,6.8,56.6,186.7,100,3106611913
55306,1969,2.2321e-05,0.991833,2.496e-05,0.253407,0.304354,0.2,3.2,9.8,58.1,190.7,100,3106611913
55308,1976,2.16379e-05,0.99187,2.54286e-05,0.199527,0.295155,0.3,5.1,8.9,61.2,189.0,100,3106611913
55310,1986,2.22227e-05,0.991796,2.53371e-05,0.375096,0.273917,0.5,4.9,6.8,61.6,188.3,100,3106611913
55312,1970,2.21199e-05,0.991793,2.47314e-05,0.225774,0.320976,0.2,3.7,6.9,58.6,184.1,100,3106611913
55314,1972,2.18367e-05,0.991922,2.45943e-05,0.266118,0.297596,0.4,5.2,7.4,59.6,183.2,100,3106611913
55316,2028,2.14689e-05,0.992044,2.45943e-05,0.409149,0.286835,0.4,5.5,6.1,59.3,186.1,100,3106611913
55318,1978,2.18412e-05,0.991979,2.464e-05,0.161168,0.319594,0.2,4.6,6.9,63.3,190.1,100,3106611913
55320,2000,2.25266e-05,0.991746,2.488e-05,0.143563,0.292178,0.1,4.1,9.3,59.2,186.9,100,3106611913
55322,2010,2.2474e-05,0.991872,2.49714e-05,0.166048,0.279755,0.2,4.1,8.6,62.2,186.4,100,3106611913
55324,1977,2.28647e-05,0.991961,2.45829e-05,0.380818,0.314563,0.5,5.6,7.6,59.6,185.8,100,3106611913
55326,1998,2.18572e-05,0.992007,2.42171e-05,0.29075,0.336515,0.4,3.9,9.8,55.5,186.4,100,3106611913
55328,1985,2.16653e-05,0.991947,2.50286e-05,0.379145,0.280053,0.6,4.3,7.9,58.6,192.7,100,3106611913
55330,1962,2.16082e-05,0.991858,2.45029e-05,0.255785,0.331597,0.3,4.5,6.7,59.3,192.8,100,3106611913
55332,1996,2.24603e-05,0.992026,2.49371e-05,0.54796,0.289184,0.5,4.9,8.9,61.3,187.9,100,3106611913
55334,1996,2.18138e-05,0.991967,2.45029e-05,0.195227,0.295848,0.3,2.2,7.9,59.7,186.6,100,3106611913
55336,1978,2.20034e-05,0.991956,2.43429e-05,0.507968,0.282005,0.7,4.9,9.6,59.5,186.6,100,3106611913
55338,1955,2.19555e-05,0.991811,2.55314e-05,0.175856,0.27564,0.3,4.3,8.3,61.5,193.1,100,3106611913
55340,1950,2.27093e-05,0.991919,2.416e-05,0.166688,0.288973,0.2,4.1,7.7,61.6,189.0,100,3106611913
55342,1969,2.22981e-05,0.992025,2.53143e-05,0.374105,0.305555,0.5,4.2,9.0,60.0,188.3,100,3106611913
55344,1996,2.21336e-05,0.99183,2.51543e-05,0.248939,0.280065,0.4,4.1,9.5,59.6,197.1,100,3106611913
55346,1946,2.25882e-05,0.991815,2.47771e-05,0.220499,0.302006,0.2,3.6,6.6,61.6,191.0,100,3106611913
55348,1958,2.24603e-05,0.991633,2.45714e-05,0.28028,0.320891,0.6,4.2,8.3,58.4,192.8,100,3106611913
55350,1984,2.25494e-05,0.991918,2.39314e-05,0.227206,0.326758,0.2,3.5,7.0,57.5,181.8,100,3106611913
55352,1994,2.2924e-05,0.991748,2.53029e-05,0.412491,0.281084,0.8,4.8,7.7,64.1,193.9,100,3106611913
55354,1973,2.20149e-05,0.991641,2.44686e-05,0.322789,0.329066,0.4,6.2,7.8,60.9,188.3,100,3106611913
55356,1976,2.1976e-05,0.991868,2.528e-05,0.509169,0.287406,0.6,5.1,7.6,58.5,184.5,100,3106611913
55358,1981,2.25357e-05,0.991658,2.56229e-05,0.252131,0.27415,0.4,3.9,8.1,63.1,184.5,100,3106611913
55360,1969,2.23552e-05,0.991563,2.48571e-05,0.351727,0.310868,0.7,5.0,7.8,59.0,191.6,100,3106611913
55362,2038,2.19989e-05,0.991819,2.45029e-05,0.2621,0.319541,0.5,3.1,6.6,60.4,187.4,100,3106611913
55364,2004,2.2177e-05,0.99195,2.456e-05,0.244915,0.327325,0.2,4.8,7.8,62.9,189.0,100,3106611913
55366,2014,2.25425e-05,0.992069,2.41371e-05,0.184715,0.317065,0.2,5.3,9.2,61.9,181.8,100,3106611913
55368,1999,2.22616e-05,0.991988,2.41829e-05,0.193129,0.306012,0.2,4.4,9.8,63.4,187.4,100,3106611913
55370,2029,2.1791e-05,0.991902,2.48229e-05,0.387893,0.301533,0.4,5.2,7.0,59.9,195.0,100,3106611913
55372,1947,2.20948e-05,0.991765,2.51657e-05,0.293983,0.293847,0.3,4.2,8.7,62.3,190.1,100,3106611913
55374,1960,2.12656e-05,0.991878,2.53486e-05,0.182206,0.28856,0.1,4.0,9.3,62.2,196.6,100,3106611913
55376,1977,2.27733e-05,0.991693,2.46971e-05,0.22473,0.30908,0.2,3.7,8.3,60.4,182.4,100,3106611913
55378,1949,2.12039e-05,0.991688,2.6e-05,0.167433,0.25495,0.3,3.7,8.7,61.8,194.2,100,3106611913
55380,2020,2.23415e-05,0.991754,2.456e-05,0.254363,0.278948,0.3,3.9,8.3,60.2,188.6,100,3106611913
55382,2000,2.27984e-05,0.99181,2.41371e-05,0.161796,0.305901,0.4,3.8,7.9,59.6,187.4,100,3106611913
55384,1951,2.18983e-05,0.99172,2.48686e-05,0.159522,0.300182,0.2,4.5,8.7,59.8,189.2,100,3106611913
55386,1968,2.22342e-05,0.991495,2.41714e-05,0.271178,0.29579,0.6,3.5,7.7,58.9,192.8,100,3106611913
55388,1988,2.25928e-05,0.9915,2.40229e-05,0.323754,0.312262,0.4,3.8,7.0,60.0,186.1,100,3106611913
55390,1971,2.16562e-05,0.991625,2.39429e-05,0.243096,0.33884,0.3,3.7,8.0,60.1,184.5,100,3106611913
55392,1951,2.22501e-05,0.991828,2.41829e-05,0.332957,0.309053,0.3,3.6,7.1,55.5,187.4,100,3106611913
55394,1977,2.16334e-05,0.991818,2.37257e-05,0.161279,0.321484,0.1,4.4,8.6,57.5,189.8,100,3106611913
55396,2006,2.24146e-05,0.991767,2.47886e-05,0.255227,0.302044,0.6,3.5,8.2,56.7,194.1,100,3106611913
55398,1929,2.15214e-05,0.99166,2.53257e-05,0.154667,0.285951,0.2,3.6,8.0,65.6,189.1,100,3106611913
55400,1970,2.21085e-05,0.991475,2.46971e-05,0.134688,0.300831,0.0,3.9,8.7,59.9,185.9,100,3106611913
55402,1944,2.10051e-05,0.991294,2.47543e-05,0.148512,0.323857,0.1,3.9,8.7,58.7,190.1,100,3106611913
55404,2001,2.23278e-05,0.991415,2.44571e-05,0.162658,0.314872,0.1,4.1,8.6,58.5,193.8,100,3106611913
55406,1974,2.21017e-05,0.991397,2.496e-05,0.284484,0.27618,0.3,4.5,8.5,62.8,185.5,100,3106611913
55408,2045,2.16996e-05,0.991608,2.52686e-05,0.268698,0.288982,0.2,4.3,9.2,60.6,188.9,100,3106611913
55410,1993,2.27162e-05,0.991823,2.47771e-05,0.187693,0.315926,0.4,3.5,7.8,59.6,187.2,100,3106611913
55412,1988,2.11034e-05,0.991692,2.56229e-05,0.228838,0.270387,0.1,4.1,7.4,58.9,196.6,100,3106611913
55414,2001,2.18115e-05,0.991606,2.43886e-05,0.162515,0.324344,0.2,3.6,7.3,61.6,186.3,100,3106611913
55416,1997,2.18367e-05,0.991357,2.58743e-05,0.302161,0.288073,0.6,3.7,8.5,62.7,191.1,100,3106611913
55418,1951,2.15488e-05,0.991415,2.44e-05,0.318527,0.347349,0.8,4.4,7.2,60.3,191.9,100,3106611913
55420,1974,2.27367e-05,0.991543,2.43886e-05,0.331456,0.30952,0.4,5.5,8.1,59.6,193.3,100,3106611913
55422,2008,2.24329e-05,0.991395,2.49714e-05,0.267172,0.268024,0.4,4.3,7.8,60.8,192.2,100,3106611913
55424,1965,2.14003e-05,0.99131,2.40914e-05,0.197611,0.32113,0.4,4.4,8.4,60.4,189.1,100,3106611913
55426,1984,2.19646e-05,0.991341,2.46629e-05,0.312634,0.306142,0.6,4.3,9.3,61.5,189.7,100,3106611913
55428,2032,2.20605e-05,0.991187,2.432e-05,0.204055,0.315915,0.4,4.3,7.4,58.6,190.9,100,3106611913
55430,1982,2.29263e-05,0.99126,2.46514e-05,0.165814,0.284502,0.1,3.9,8.3,59.8,188.0,100,3106611913
55432,2008,2.09092e-05,0.991542,2.37257e-05,0.395792,0.292584,0.4,4.8,8.1,56.2,187.9,100,3106611913
55434,1973,2.2024e-05,0.991512,2.34629e-05,0.291851,0.325955,0.6,4.1,8.2,56.4,190.0,100,3106611913
55436,1996,2.1494e-05,0.991395,2.40114e-05,0.0888614,0.302635,0.0,2.7,8.5,57.7,193.8,100,3106611913
55438,1957,2.21725e-05,0.991579,2.512e-05,0.334788,0.305518,0.3,3.5,7.9,63.5,188.2,100,3106611913
55440,1981,2.21496e-05,0.991484,2.33257e-05,0.225409,0.359232,0.2,3.2,8.9,60.8,186.9,100,3106611913
55442,1950,2.2209e-05,0.991677,2.43543e-05,0.258515,0.309005,0.4,3.8,8.1,63.2,186.2,100,3106611913
55444,1988,2.15328e-05,0.991682,2.47886e-05,0.285927,0.320355,0.5,3.8,10.3,57.1,192.8,100,3106611913
55446,1999,2.22319e-05,0.991896,2.46857e-05,0.160592,0.305867,0.5,3.2,8.4,60.1,189.0,100,3106611913
55448,2013,2.21542e-05,0.991794,2.43886e-05,0.328787,0.319453,0.6,4.5,8.4,62.9,190.4,100,3106611913
55450,1992,2.24832e-05,0.991606,2.40914e-05,0.50166,0.315551,0.6,4.8,7.7,59.0,187.3,100,3106611913
55452,1976,2.18983e-05,0.991632,2.48114e-05,0.183721,0.31394,0.2,4.2,8.5,59.2,192.1,100,3106611913
55454,2013,2.18001e-05,0.991583,2.528e-05,0.427592,0.291116,0.8,5.3,8.4,56.7,192.8,100,3106611913
55456,1984,2.20857e-05,0.991356,2.50171e-05,0.146653,0.282786,0.2,4.0,7.3,60.7,195.3,100,3106611913
55458,1982,2.15214e-05,0.991439,2.42857e-05,0.142941,0.329067,0.2,4.1,8.1,56.5,191.0,100,3106611913
55460,2025,2.22661e-05,0.991218,2.40114e-05,0.214927,0.327963,0.2,5.1,7.0,57.9,192.1,100,3106611913
55462,2044,2.20537e-05,0.99143,2.48114e-05,0.118689,0.30681,0.1,2.9,9.2,59.2,191.7,100,3106611913
55464,1961,2.18412e-05,0.991453,2.48229e-05,0.345376,0.288263,0.4,4.1,7.3,61.7,191.5,100,3106611913
55466,1991,2.15374e-05,0.991362,2.41486e-05,0.227215,0.303261,0.1,3.5,7.9,57.9,191.3,100,3106611913
55468,1973,2.22844e-05,0.991376,2.43543e-05,0.332237,0.314847,0.5,5.5,7.6,57.1,191.4,100,3106611913
55470,1975,2.23826e-05,0.991587,2.52686e-05,0.420664,0.290486,0.6,5.8,7.6,57.7,191.2,100,3106611913
55472,1996,2.12884e-05,0.991654,2.47771e-05,0.289094,0.29646,0.5,4.1,9.2,56.5,189.0,100,3106611913
55474,2010,2.16859e-05,0.991551,2.41371e-05,0.37776,0.303681,0.4,5.1,7.5,57.3,189.0,100,3106611913
55476,1978,2.19943e-05,0.991496,2.50171e-05,0.238154,0.313322,0.1,3.8,8.0,60.8,194.5,100,3106611913
55478,1946,2.19646e-05,0.991621,2.49943e-05,0.28091,0.307256,0.2,5.1,8.7,61.3,188.4,100,3106611913
55480,2001,2.19418e-05,0.991557,2.50057e-05,0.269152,0.314939,0.4,4.4,7.9,59.2,190.2,100,3106611913
55482,1991,2.1711e-05,0.99152,2.39086e-05,0.221552,0.292082,0.5,4.6,9.4,57.2,189.1,100,3106611913
55484,1947,2.15351e-05,0.991202,2.41371e-05,0.317894,0.323776,0.5,4.8,9.1,59.7,194.3,100,3106611913
55486,2019,2.26819e-05,0.991358,2.40914e-05,0.191751,0.316401,0.2,4.7,9.0,56.7,183.0,100,3106611913
55488,2005,2.18732e-05,0.991173,2.40343e-05,0.132867,0.32226,0.1,3.5,8.3,61.6,188.2,100,3106611913
55490,1942,2.23689e-05,0.991123,2.45257e-05,0.249579,0.295131,0.3,4.2,7.8,60.2,184.9,100,3106611913
55492,2030,2.23941e-05,0.991119,2.42171e-05,0.357698,0.32081,0.5,3.8,7.7,60.2,189.5,100,3106611913
55494,1987,2.18093e-05,0.991139,2.47429e-05,0.127734,0.317742,0.1,3.2,9.6,59.8,186.9,100,3106611913
55496,1951,2.21908e-05,0.991357,2.304e-05,0.338517,0.359849,0.6,5.3,6.6,54.5,187.5,100,3106611913
55498,1984,2.21542e-05,0.991414,2.56343e-05,0.13054,0.287296,0.2,3.4,8.5,65.8,189.9,100,3106611913
55500,1931,2.18664e-05,0.991301,2.54629e-05,0.262165,0.296827,0.3,4.5,7.6,59.4,200.0,100,3106611913
55502,1982,2.28395e-05,0.991356,2.44914e-05,0.381109,0.318128,0.5,4.4,7.2,61.1,193.6,100,3106611913
55504,1948,2.23004e-05,0.991287,2.49829e-05,0.357468,0.308208,0.6,3.5,8.0,61.9,192.8,100,3106611913
55506,1976,2.19646e-05,0.991054,2.496e-05,0.169401,0.289076,0.1,4.0,9.1,58.9,188.4,100,3106611913
55508,1968,2.15717e-05,0.991043,2.46286e-05,0.224323,0.314073,0.3,3.4,8.9,57.8,193.2,100,3106611913
55510,1990,2.1944e-05,0.991114,2.43657e-05,0.276702,0.317483,0.5,4.0,8.1,56.8,194.6,100,3106611913
55512,1975,2.26042e-05,0.991343,2.38857e-05,0.269349,0.348189,0.4,4.2,8.3,58.2,193.4,100,3106611913
55514,1999,2.18275e-05,0.991373,2.49829e-05,0.129405,0.289397,0.0,3.4,8.7,64.1,191.0,100,3106611913
55516,1954,2.18983e-05,0.991481,2.43657e-05,0.242444,0.319452,0.2,3.3,7.7,61.2,188.2,100,3106611913
55518,2014,2.17978e-05,0.991641,2.49714e-05,0.173443,0.277068,0.3,4.2,8.4,60.6,194.2,100,3106611913
55520,1992,2.16813e-05,0.991628,2.424e-05,0.174876,0.331717,0.4,4.1,7.6,58.4,185.5,100,3106611913
55522,1991,2.1743e-05,0.991514,2.48114e-05,0.179594,0.30183,0.1,4.2,8.0,57.9,189.6,100,3106611913
55524,1994,2.19532e-05,0.991639,2.44114e-05,0.231704,0.312979,0.1,3.1,7.6,58.9,195.1,100,3106611913
55526,1980,2.21108e-05,0.991548,2.43314e-05,0.215893,0.320132,0.3,3.3,8.5,59.5,189.6,100,3106611913
55528,1991,2.14689e-05,0.991676,2.43771e-05,0.327949,0.294209,0.3,4.7,8.3,59.8,187.5,100,3106611913
55530,1986,2.23598e-05,0.991491,2.44e-05,0.230245,0.308008,0.1,4.0,9.3,58.5,192.7,100,3106611913
55532,2009,2.24306e-05,0.991367,2.544e-05,0.142186,0.279204,0.2,3.2,8.1,63.8,190.9,100,3106611913
55534,1973,2.25585e-05,0.99135,2.45829e-05,0.159513,0.309288,0.2,3.0,9.1,60.8,191.0,100,3106611913
55536,1967,2.2739e-05,0.991524,2.45371e-05,0.242953,0.323691,0.3,3.5,8.4,62.8,193.1,100,3106611913
55538,2000,2.26316e-05,0.991394,2.52229e-05,0.162076,0.308458,0.1,4.0,8.9,57.7,193.6,100,3106611913
55540,1985,2.22501e-05,0.991404,2.44e-05,0.155293,0.300761,0.2,3.2,7.8,62.4,188.2,100,3106611913
55542,1982,2.27162e-05,0.991312,2.50171e-05,0.251638,0.305226,0.4,4.7,9.5,60.3,199.1,100,3106611913
55544,2025,2.06351e-05,0.991328,2.45257e-05,0.385824,0.302084,0.4,4.2,8.0,62.2,199.0,100,3106611913
55546,1977,2.22159e-05,0.991131,2.50514e-05,0.246586,0.30183,0.2,4.4,7.8,63.0,187.6,100,3106611913
55548,1990,2.1558e-05,0.99112,2.40914e-05,0.45033,0.32422,0.3,4.1,9.5,60.9,190.3,100,3106611913
55550,1989,2.19052e-05,0.99128,2.464e-05,0.191688,0.310716,0.1,4.8,7.6,62.7,194.0,100,3106611913
55552,1971,2.3301e-05,0.991103,2.40571e-05,0.140947,0.337672,0.2,3.0,9.9,59.9,188.7,100,3106611913
55554,1967,2.17042e-05,0.991414,2.47429e-05,0.286314,0.305008,0.3,4.1,8.8,58.9,195.8,100,3106611913
55556,1953,2.21862e-05,0.991673,2.424e-05,0.163657,0.33387,0.0,3.7,8.4,56.0,188.4,100,3106611913
55558,1975,2.13318e-05,0.991674,2.42171e-05,0.153876,0.34411,0.1,3.2,9.7,60.0,192.6,100,3106611913
55560,1975,2.19555e-05,0.991966,2.37143e-05,0.239075,0.317581,0.3,3.4,8.0,59.4,187.9,100,3106611913
55562,2006,2.2209e-05,0.991982,2.53371e-05,0.444693,0.305226,0.5,4.0,8.0,61.2,192.4,100,3106611913
55564,1981,2.18252e-05,0.992044,2.43429e-05,0.14268,0.307693,0.2,3.4,8.8,61.5,191.1,100,3106611913
55566,1962,2.24717e-05,0.991905,2.45143e-05,0.126476,0.311675,0.0,3.1,7.0,61.0,191.6,100,3106611913
55568,1993,2.18549e-05,0.991876,2.42514e-05,0.234657,0.314274,0.4,5.2,7.8,57.5,187.6,100,3106611913
55570,1999,2.20948e-05,0.991793,2.43314e-05,0.164465,0.326305,0.2,3.0,8.9,56.8,192.3,100,3106611913
55572,2027,2.22479e-05,0.991729,2.45257e-05,0.169114,0.314107,0.4,3.0,7.5,61.3,198.1,100,3106611913
55574,2009,2.30109e-05,0.991649,2.51314e-05,0.361871,0.295884,0.4,4.6,9.5,63.7,196.4,100,3106611913
55576,1996,2.16471e-05,0.991518,2.46171e-05,0.163055,0.32842,0.1,4.0,8.0,59.8,191.7,100,3106611913
55578,1994,2.20788e-05,0.991752,2.44914e-05,0.117237,0.297366,0.1,2.8,8.0,61.4,191.1,100,3106611913
55580,1964,2.25974e-05,0.99176,2.43657e-05,0.243001,0.319486,0.3,3.2,7.0,58.5,189.5,100,3106611913
55582,1920,2.21748e-05,0.991648,2.42514e-05,0.20669,0.331639,0.2,2.8,7.7,59.3,193.4,100,3106611913
55584,1950,2.18641e-05,0.991727,2.46971e-05,0.172009,0.290022,0.4,4.1,7.7,61.3,195.9,100,3106611913
55586,1987,2.22501e-05,0.99159,2.46857e-05,0.290305,0.290491,0.3,3.7,10.3,60.8,193.2,100,3106611913
55588,2039,2.23461e-05,0.991659,2.58743e-05,0.173817,0.280031,0.1,4.4,10.2,61.1,197.6,100,3106611913
55590,2016,2.27413e-05,0.991874,2.46743e-05,0.144874,0.317552,0.0,3.6,8.3,60.0,190.0,100,3106611913
55592,1975,2.19669e-05,0.991816,2.47657e-05,0.155541,0.294562,0.3,3.2,7.8,61.0,191.1,100,3106611913
55594,1996,2.17293e-05,0.991809,2.45257e-05,0.378767,0.305833,0.4,4.2,8.7,58.5,194.8,100,3106611913
55596,1979,2.11536e-05,0.991701,2.46057e-05,0.32116,0.286523,0.2,3.8,7.8,60.9,195.2,100,3106611913
55598,1999,2.19235e-05,0.991649,2.472e-05,0.165569,0.313601,0.3,3.3,10.0,61.9,196.1,100,3106611913
55600,1972,2.15054e-05,0.991487,2.38629e-05,0.112234,0.33053,0.0,2.9,9.5,57.8,189.4,100,3106611913
